scientific_name,mass_g
Abeillia abeillei,2.7
Abroscopus albogularis,4.8
Abroscopus schisticeps,4.7
Abroscopus superciliaris,6.5
Aburria aburri,1405.1
Acanthagenys rufogularis,47.8
Acanthidops bairdi,16.0
Acanthis cabaret,12.0
Acanthis flammea,13.0
Acanthis hornemanni,13.9
Acanthisitta chloris,6.9
Acanthiza apicalis,7.6
Acanthiza chrysorrhoa,9.3
Acanthiza cinerea,7.6
Acanthiza ewingii,6.9
Acanthiza inornata,7.0
Acanthiza iredalei,6.0
Acanthiza katherina,7.2
Acanthiza lineata,6.9
Acanthiza murina,8.4
Acanthiza nana,6.2
Acanthiza pusilla,7.6
Acanthiza reguloides,7.7
Acanthiza robustirostris,6.1
Acanthiza uropygialis,6.4
Acanthorhynchus superciliosus,9.7
Acanthorhynchus tenuirostris,10.4
Acanthornis magna,10.2
Accipiter albogularis,248.8
Accipiter badius,131.2
Accipiter bicolor,287.5
Accipiter brachyurus,142.0
Accipiter brevipes,186.5
Accipiter butleri,122.0
Accipiter castanilius,157.5
Accipiter cirrocephalus,165.7
Accipiter collaris,97.8
Accipiter cooperii,429.7
Accipiter erythrauchen,156.0
Accipiter erythropus,111.2
Accipiter fasciatus,358.7
Accipiter francesiae,136.8
Accipiter gentilis,866.0
Accipiter griseiceps,251.8
Accipiter gularis,120.7
Accipiter gundlachi,675.0
Accipiter haplochrous,198.4
Accipiter henicogrammus,358.7
Accipiter henstii,1050.0
Accipiter hiogaster,326.1
Accipiter imitator,222.5
Accipiter luteoschistaceus,214.0
Accipiter madagascariensis,180.4
Accipiter melanochlamys,265.0
Accipiter melanoleucus,699.0
Accipiter meyerianus,763.5
Accipiter minullus,87.4
Accipiter nanus,117.0
Accipiter nisus,220.8
Accipiter novaehollandiae,326.1
Accipiter ovampensis,195.0
Accipiter poliocephalus,214.8
Accipiter poliogaster,315.0
Accipiter princeps,214.8
Accipiter rhodogaster,172.7
Accipiter rufitorques,209.0
Accipiter rufiventris,198.0
Accipiter soloensis,164.8
Accipiter striatus,130.6
Accipiter superciliosus,96.4
Accipiter tachiro,290.2
Accipiter toussenelii,249.3
Accipiter trinotatus,146.0
Accipiter trivirgatus,265.0
Accipiter virgatus,117.0
Aceros nipalensis,2385.0
Achaetops pycnopygius,28.3
Acridotheres albocinctus,98.9
Acridotheres burmannicus,89.0
Acridotheres cinereus,98.9
Acridotheres cristatellus,116.3
Acridotheres fuscus,82.8
Acridotheres ginginianus,72.0
Acridotheres grandis,98.9
Acridotheres javanicus,93.5
Acridotheres melanopterus,89.0
Acridotheres tristis,116.4
Acrobatornis fonsecai,13.7
Acrocephalus aequinoctialis,25.0
Acrocephalus agricola,9.6
Acrocephalus arundinaceus,30.0
Acrocephalus atyphus,30.0
Acrocephalus australis,17.7
Acrocephalus baeticatus,12.3
Acrocephalus bistrigiceps,8.7
Acrocephalus brevipennis,16.0
Acrocephalus caffer,43.8
Acrocephalus concinens,8.3
Acrocephalus dumetorum,11.2
Acrocephalus familiaris,18.3
Acrocephalus gracilirostris,14.4
Acrocephalus griseldis,16.7
Acrocephalus hiwae,35.6
Acrocephalus kerearako,22.5
Acrocephalus longirostris,43.8
Acrocephalus melanopogon,10.9
Acrocephalus mendanae,36.3
Acrocephalus newtoni,17.0
Acrocephalus orientalis,23.5
Acrocephalus orinus,24.2
Acrocephalus paludicola,11.6
Acrocephalus palustris,11.5
Acrocephalus percernis,31.2
Acrocephalus rehsei,20.1
Acrocephalus rimitarae,26.5
Acrocephalus rodericanus,11.8
Acrocephalus rufescens,22.7
Acrocephalus schoenobaenus,11.8
Acrocephalus scirpaceus,12.3
Acrocephalus sechellensis,15.9
Acrocephalus sorghophilus,8.2
Acrocephalus stentoreus,24.2
Acrocephalus syrinx,34.0
Acrocephalus taiti,24.3
Acrocephalus tangorum,8.0
Acrocephalus vaughani,24.4
Acropternis orthonyx,89.9
Acryllium vulturinum,1330.0
Actenoides bougainvillei,188.0
Actenoides concretus,73.5
Actenoides hombroni,117.0
Actenoides lindsayi,92.8
Actenoides monachus,150.0
Actenoides princeps,105.0
Actinodura cyanouroptera,17.0
Actinodura egertoni,36.0
Actinodura morrisoniana,24.0
Actinodura nipalensis,43.9
Actinodura ramsayi,38.4
Actinodura sodangorum,38.4
Actinodura souliei,39.3
Actinodura strigula,19.2
Actinodura waldeni,46.7
Actitis hypoleucos,48.0
Actitis macularius,40.4
Actophilornis africanus,189.1
Actophilornis albinucha,239.0
Adelomyia melanogenys,4.9
Aechmophorus clarkii,1090.9
Aechmophorus occidentalis,1137.0
Aegithalos caudatus,8.6
Aegithalos concinnus,6.1
Aegithalos fuliginosus,5.7
Aegithalos glaucogularis,8.6
Aegithalos iouschistos,7.0
Aegithalos leucogenys,6.7
Aegithalos niveogularis,7.8
Aegithina lafresnayei,12.0
Aegithina nigrolutea,11.8
Aegithina tiphia,12.0
Aegithina viridissima,13.4
Aegolius acadicus,100.7
Aegolius funereus,137.2
Aegolius harrisii,120.0
Aegolius ridgwayi,80.0
Aegotheles affinis,60.0
Aegotheles albertisi,35.2
Aegotheles archboldi,30.6
Aegotheles bennettii,60.0
Aegotheles crinifrons,136.0
Aegotheles cristatus,42.8
Aegotheles insignis,78.5
Aegotheles savesi,52.0
Aegotheles tatei,52.0
Aegotheles wallacii,50.7
Aegypius monachus,9320.6
Aepypodius arfakianus,1463.8
Aepypodius bruijnii,192.0
Aerodramus amelis,10.7
Aerodramus bartschi,7.4
Aerodramus brevirostris,13.4
Aerodramus ceramensis,13.4
Aerodramus elaphrus,10.7
Aerodramus francicus,8.9
Aerodramus fuciphagus,10.7
Aerodramus germani,10.7
Aerodramus hirundinaceus,10.1
Aerodramus infuscatus,13.4
Aerodramus inquietus,11.0
Aerodramus leucophaeus,13.4
Aerodramus maximus,17.0
Aerodramus mearnsi,11.3
Aerodramus nuditarsus,13.4
Aerodramus ocistus,13.4
Aerodramus orientalis,13.4
Aerodramus papuensis,19.9
Aerodramus pelewensis,13.4
Aerodramus salangana,11.3
Aerodramus sawtelli,8.6
Aerodramus sororum,21.5
Aerodramus spodiopygius,8.0
Aerodramus terraereginae,12.0
Aerodramus unicolor,11.0
Aerodramus vanikorensis,10.7
Aerodramus vulcanorum,13.4
Aerodramus whiteheadi,14.0
Aeronautes andecolus,17.6
Aeronautes montivagus,20.1
Aeronautes saxatalis,32.1
Aethia cristatella,259.4
Aethia psittacula,270.0
Aethia pusilla,84.0
Aethia pygmaea,112.0
Aethopyga bella,4.0
Aethopyga boltoni,7.1
Aethopyga christinae,5.2
Aethopyga decorosa,5.6
Aethopyga duyvenbodei,6.0
Aethopyga eximia,5.2
Aethopyga flagrans,6.7
Aethopyga gouldiae,5.0
Aethopyga guimarasensis,6.7
Aethopyga ignicauda,8.2
Aethopyga jefferyi,6.7
Aethopyga linaraborae,7.2
Aethopyga magnifica,9.3
Aethopyga mystacalis,6.0
Aethopyga nipalensis,6.9
Aethopyga primigenia,7.0
Aethopyga pulcherrima,6.2
Aethopyga saturata,5.3
Aethopyga shelleyi,4.0
Aethopyga siparaja,6.7
Aethopyga temminckii,6.0
Aethopyga tibolii,6.3
Aethopyga vigorsii,6.7
Afropavo congensis,1273.7
Agamia agami,567.0
Agapornis canus,30.0
Agapornis fischeri,48.3
Agapornis lilianae,37.3
Agapornis nigrigenis,40.5
Agapornis personatus,52.4
Agapornis pullarius,39.3
Agapornis roseicollis,53.8
Agapornis swindernianus,40.0
Agapornis taranta,57.5
Agelaioides badius,45.3
Agelaioides fringillarius,45.3
Agelaius assimilis,47.7
Agelaius humeralis,36.3
Agelaius phoeniceus,50.8
Agelaius tricolor,57.9
Agelaius xanthomus,38.4
Agelastes meleagrides,815.0
Agelastes niger,700.0
Agelasticus cyanopus,37.2
Agelasticus thilius,31.5
Agelasticus xanthophthalmus,45.1
Aglaeactis aliciae,7.0
Aglaeactis castelnaudii,6.7
Aglaeactis cupripennis,7.6
Aglaeactis pamela,5.5
Aglaiocercus berlepschi,5.0
Aglaiocercus coelestis,5.6
Aglaiocercus kingii,4.8
Agraphospiza rubescens,19.0
Agricola infuscatus,32.4
Agricola pallidus,23.6
Agriornis albicauda,53.0
Agriornis lividus,99.1
Agriornis micropterus,67.8
Agriornis montanus,63.3
Agriornis murinus,29.9
Agropsar philippensis,28.8
Agropsar sturninus,49.4
Aidemosyne modesta,12.7
Ailuroedus arfakianus,176.9
Ailuroedus astigmaticus,176.9
Ailuroedus buccoides,138.0
Ailuroedus crassirostris,205.3
Ailuroedus geislerorum,138.0
Ailuroedus jobiensis,176.9
Ailuroedus maculosus,205.3
Ailuroedus melanocephalus,205.3
Ailuroedus melanotis,176.9
Ailuroedus stonii,138.0
Aimophila notosticta,27.1
Aimophila rufescens,34.3
Aimophila ruficeps,18.7
Aix galericulata,567.0
Aix sponsa,657.6
Akletos goeldii,42.0
Akletos melanoceps,38.5
Alaemon alaudipes,43.7
Alaemon hamertoni,43.7
Alauda arvensis,37.3
Alauda gulgula,26.3
Alauda leucoptera,45.3
Alauda razae,21.9
Alaudala cheleensis,24.1
Alaudala heinei,24.1
Alaudala raytal,18.5
Alaudala rufescens,24.1
Alaudala somalica,24.1
Alca torda,726.0
Alcedo atthis,31.1
Alcedo coerulescens,34.9
Alcedo euryzona,43.1
Alcedo hercules,62.5
Alcedo meninting,20.4
Alcedo quadribrachys,34.9
Alcedo semitorquata,47.3
Alcippe brunneicauda,14.3
Alcippe davidi,15.3
Alcippe fratercula,14.8
Alcippe grotei,14.3
Alcippe hueti,15.3
Alcippe morrisonia,15.3
Alcippe nipalensis,15.8
Alcippe peracensis,14.3
Alcippe poioicephala,20.7
Alcippe pyrrhoptera,16.3
Aleadryas rufinucha,40.5
Alectoris barbara,416.3
Alectoris chukar,502.1
Alectoris graeca,594.1
Alectoris magna,541.4
Alectoris melanocephala,614.8
Alectoris philbyi,441.0
Alectoris rufa,527.9
Alectroenas madagascariensis,173.0
Alectroenas pulcherrimus,165.0
Alectroenas sganzini,158.0
Alectrurus risora,21.0
Alectrurus tricolor,16.0
Alectura lathami,2333.1
Alethe castanea,31.5
Alethe diademata,31.5
Alipiopsitta xanthops,159.0
Alisterus amboinensis,153.0
Alisterus chloropterus,156.0
Alisterus scapularis,232.3
Alle alle,180.7
Allenia fusca,67.1
Alopecoenas beccarii,78.7
Alopecoenas canifrons,135.0
Alopecoenas erythropterus,113.2
Alopecoenas hoedtii,135.0
Alopecoenas jobiensis,135.0
Alopecoenas kubaryi,162.0
Alopecoenas rubescens,60.0
Alopecoenas sanctaecrucis,171.0
Alopecoenas stairi,171.0
Alopecoenas xanthonurus,110.6
Alophoixus affinis,40.5
Alophoixus aureus,40.5
Alophoixus bres,35.3
Alophoixus chloris,40.5
Alophoixus finschii,24.2
Alophoixus flaveolus,48.3
Alophoixus frater,44.8
Alophoixus longirostris,40.5
Alophoixus lucasi,40.5
Alophoixus mystacalis,40.5
Alophoixus ochraceus,41.5
Alophoixus pallidus,46.0
Alophoixus phaeocephalus,32.0
Alophoixus platenae,40.5
Alophoixus ruficrissus,41.5
Alophoixus tephrogenys,35.3
Alopochelidon fucata,14.0
Alopochen aegyptiaca,1873.0
Amadina erythrocephala,22.5
Amadina fasciata,18.0
Amalocichla incerta,32.7
Amalocichla sclateriana,54.7
Amandava amandava,9.0
Amandava formosa,9.0
Amandava subflava,7.4
Amaurolimnas concolor,133.0
Amaurornis isabellina,180.0
Amaurornis magnirostris,250.0
Amaurornis marginalis,51.2
Amaurornis moluccana,186.8
Amaurornis olivacea,292.0
Amaurornis phoenicurus,180.0
Amaurospiza carrizalensis,13.6
Amaurospiza concolor,13.6
Amaurospiza moesta,13.6
Amazilia boucardi,4.5
Amazilia luciae,4.5
Amazilia rutila,5.2
Amazilia tzacatl,4.8
Amazilia yucatanensis,3.9
Amazilis amazilia,4.3
Amazona aestiva,451.0
Amazona agilis,213.0
Amazona albifrons,206.0
Amazona amazonica,370.0
Amazona arausiaca,500.0
Amazona auropalliata,476.9
Amazona autumnalis,416.0
Amazona barbadensis,270.0
Amazona brasiliensis,430.0
Amazona collaria,187.0
Amazona dufresniana,623.0
Amazona farinosa,626.0
Amazona festiva,430.0
Amazona finschi,302.0
Amazona guildingii,646.0
Amazona imperialis,529.5
Amazona kawalli,626.0
Amazona leucocephala,235.3
Amazona mercenarius,340.0
Amazona ochrocephala,476.9
Amazona oratrix,476.9
Amazona pretrei,272.8
Amazona rhodocorytha,474.3
Amazona tucumana,260.0
Amazona ventralis,214.0
Amazona versicolor,676.0
Amazona vinacea,254.0
Amazona viridigenalis,316.0
Amazona vittata,279.3
Amazona xantholora,217.0
Amazonetta brasiliensis,500.0
Amblycercus holosericeus,70.4
Amblyornis flavifrons,120.0
Amblyornis inornata,124.0
Amblyornis macgregoriae,117.5
Amblyornis newtoniana,78.3
Amblyornis subalaris,108.9
Amblyospiza albifrons,41.6
Amblyramphus holosericeus,56.8
Ammodramus aurifrons,17.8
Ammodramus humeralis,16.0
Ammodramus savannarum,17.6
Ammomanes cinctura,18.1
Ammomanes deserti,23.8
Ammomanes phoenicura,25.6
Ammomanopsis grayi,21.4
Ammonastes pelzelni,17.7
Ammoperdix griseogularis,201.9
Ammoperdix heyi,189.7
Ammospiza caudacuta,19.2
Ammospiza leconteii,13.0
Ammospiza maritima,22.2
Ammospiza nelsoni,15.1
Ampeliceps coronatus,87.9
Ampelioides tschudii,78.4
Ampelion rubrocristatus,66.3
Ampelion rufaxilla,73.9
Ampelornis griseiceps,15.0
Amphispiza bilineata,13.5
Amphispizopsis quinquestriata,19.5
Amytornis ballarae,21.0
Amytornis barbatus,18.4
Amytornis dorotheae,23.2
Amytornis goyderi,16.7
Amytornis housei,28.9
Amytornis merrotsyi,19.6
Amytornis modestus,23.0
Amytornis purnelli,21.0
Amytornis rowleyi,19.6
Amytornis striatus,19.6
Amytornis textilis,23.0
Amytornis whitei,19.6
Amytornis woodwardi,35.1
Anabacerthia amaurotis,19.2
Anabacerthia lichtensteini,21.0
Anabacerthia ruficaudata,30.1
Anabacerthia striaticollis,24.8
Anabacerthia variegaticeps,27.8
Anabathmis hartlaubii,10.5
Anabathmis newtonii,6.5
Anabathmis reichenbachii,11.4
Anabazenops dorsalis,35.4
Anabazenops fuscus,38.5
Anairetes alpinus,9.0
Anairetes fernandezianus,6.9
Anairetes flavirostris,6.0
Anairetes nigrocristatus,9.2
Anairetes parulus,6.2
Anairetes reguloides,5.9
Analisoma analis,82.4
Analisoma coerulescens,62.8
Analisoma ostenta,68.0
Anaplectes rubriceps,22.6
Anarhynchus frontalis,57.6
Anas acuta,944.6
Anas albogularis,488.1
Anas andium,434.0
Anas aucklandica,499.1
Anas bahamensis,490.0
Anas bernieri,378.5
Anas capensis,402.0
Anas castanea,624.0
Anas chlorotis,499.1
Anas crecca,341.9
Anas diazi,843.4
Anas eatoni,944.6
Anas erythrorhyncha,558.8
Anas flavirostris,434.0
Anas fulvigula,843.4
Anas georgica,623.8
Anas gibberifrons,488.1
Anas gracilis,488.1
Anas laysanensis,843.4
Anas luzonica,832.0
Anas melleri,959.2
Anas nesiotis,499.1
Anas platyrhynchos,843.4
Anas poecilorhyncha,1000.0
Anas rubripes,1241.0
Anas sparsa,981.5
Anas superciliosa,882.8
Anas undulata,1008.0
Anas wyvilliana,843.4
Anas zonorhyncha,1156.0
Anastomus lamelligerus,1081.0
Anastomus oscitans,1590.0
Ancistrops strigilatus,35.9
Andigena cucullata,311.8
Andigena hypoglauca,312.8
Andigena laminirostris,311.0
Andigena nigrirostris,350.0
Androdon aequatorialis,7.3
Andropadus importunus,27.4
Androphobus viridis,30.5
Anhima cornuta,3150.0
Anhinga anhinga,1235.0
Anhinga melanogaster,1480.1
Anhinga novaehollandiae,1480.1
Anhinga rufa,1480.1
Anisognathus igniventris,34.0
Anisognathus lacrymosus,31.0
Anisognathus melanogenys,41.0
Anisognathus notabilis,57.3
Anisognathus somptuosus,44.5
Anodorhynchus glaucus,940.0
Anodorhynchus hyacinthinus,1331.0
Anodorhynchus leari,940.0
Anomalospiza imberbis,20.5
Anopetia gounellei,3.2
Anorrhinus austeni,933.0
Anorrhinus galeritus,1172.0
Anorrhinus tickelli,792.6
Anous albivitta,72.2
Anous ceruleus,53.0
Anous minutus,112.4
Anous stolidus,177.8
Anous tenuirostris,112.0
Anser albifrons,2506.4
Anser anser,3302.4
Anser brachyrhynchus,2642.0
Anser caerulescens,2636.2
Anser canagicus,2136.5
Anser cygnoides,3511.9
Anser erythropus,1755.5
Anser fabalis,2754.7
Anser indicus,2212.6
Anser rossii,1636.0
Anser serrirostris,2668.0
Anseranas semipalmata,2393.4
Anthipes monileger,11.0
Anthipes solitaris,13.1
Anthobaphes violacea,9.4
Anthocephala berlepschi,3.9
Anthocephala floriceps,3.9
Anthochaera carunculata,106.1
Anthochaera chrysoptera,67.8
Anthochaera lunulata,61.8
Anthochaera paradoxa,143.7
Anthochaera phrygia,40.0
Anthornis melanura,26.9
Anthoscopus caroli,6.9
Anthoscopus flavifrons,8.0
Anthoscopus minutus,6.6
Anthoscopus musculus,5.2
Anthoscopus parvulus,5.8
Anthoscopus punctifrons,7.0
Anthracoceros albirostris,892.9
Anthracoceros coronatus,806.7
Anthracoceros malayanus,1050.0
Anthracoceros marchei,750.0
Anthracoceros montani,741.0
Anthracothorax dominicus,5.8
Anthracothorax mango,8.3
Anthracothorax nigricollis,7.0
Anthracothorax prevostii,6.4
Anthracothorax veraguensis,7.0
Anthracothorax viridigula,7.5
Anthracothorax viridis,6.6
Anthreptes anchietae,8.0
Anthreptes aurantius,12.5
Anthreptes gabonicus,10.6
Anthreptes griseigularis,15.0
Anthreptes longuemarei,11.4
Anthreptes malacensis,11.3
Anthreptes neglectus,11.8
Anthreptes orientalis,10.3
Anthreptes rectirostris,10.6
Anthreptes reichenowi,7.3
Anthreptes rhodolaemus,13.1
Anthreptes rubritorques,10.7
Anthreptes seimundi,6.6
Anthreptes simplex,8.9
Anthropoides paradiseus,4540.6
Anthropoides virgo,2417.0
Anthus antarcticus,36.1
Anthus berthelotii,15.9
Anthus bogotensis,25.1
Anthus brachyurus,15.3
Anthus caffer,16.8
Anthus campestris,23.0
Anthus cervinus,20.9
Anthus chacoensis,12.6
Anthus cinnamomeus,32.2
Anthus correndera,20.9
Anthus crenatus,30.7
Anthus furcatus,20.1
Anthus godlewskii,25.3
Anthus gustavi,19.8
Anthus gutturalis,36.3
Anthus hellmayri,18.6
Anthus hodgsoni,21.3
Anthus hoeschi,27.0
Anthus leucophrys,25.0
Anthus lineiventris,35.0
Anthus lutescens,12.6
Anthus melindae,22.5
Anthus nattereri,19.5
Anthus nicholsoni,25.3
Anthus nilghiriensis,31.0
Anthus novaeseelandiae,24.1
Anthus nyassae,24.3
Anthus pallidiventris,31.0
Anthus peruvianus,12.6
Anthus petrosus,22.4
Anthus pratensis,18.4
Anthus richardi,32.2
Anthus roseatus,20.6
Anthus rubescens,20.7
Anthus rufulus,20.4
Anthus similis,25.3
Anthus sokokensis,15.0
Anthus spinoletta,23.9
Anthus spragueii,25.5
Anthus sylvanus,31.0
Anthus trivialis,23.3
Anthus vaalensis,27.0
Antigone antigone,5916.2
Antigone canadensis,4296.2
Antigone rubicunda,6222.8
Antigone vipio,4663.0
Antilophia bokermanni,19.8
Antilophia galeata,21.5
Antrostomus arizonae,53.3
Antrostomus badius,59.8
Antrostomus carolinensis,109.0
Antrostomus cubanensis,63.5
Antrostomus noctitherus,36.1
Antrostomus ridgwayi,48.0
Antrostomus rufus,94.2
Antrostomus salvini,56.0
Antrostomus saturatus,52.0
Antrostomus sericocaudatus,83.0
Antrostomus vociferus,53.3
Anumara forbesi,65.9
Anumbius annumbi,41.5
Anurolimnas castaneiceps,126.0
Anurolimnas fasciatus,69.0
Anurolimnas viridis,64.3
Apalis alticola,12.1
Apalis argentea,9.3
Apalis bamendae,9.2
Apalis binotata,8.2
Apalis chapini,8.8
Apalis chariessa,9.2
Apalis chirindensis,8.6
Apalis cinerea,9.9
Apalis flavida,8.2
Apalis flavigularis,11.1
Apalis fuscigularis,11.0
Apalis goslingi,8.2
Apalis jacksoni,8.7
Apalis kaboboensis,8.4
Apalis karamojae,9.2
Apalis lynesi,11.4
Apalis melanocephala,8.8
Apalis nigriceps,8.4
Apalis personata,11.0
Apalis porphyrolaema,8.4
Apalis ruddi,9.7
Apalis rufogularis,8.3
Apalis sharpii,8.7
Apalis thoracica,11.1
Apaloderma aequatoriale,67.7
Apaloderma narina,67.7
Apaloderma vittatum,55.0
Apalopteron familiare,15.0
Aphanotriccus audax,11.2
Aphanotriccus capitalis,11.8
Aphelocephala leucopsis,12.3
Aphelocephala nigricincta,10.4
Aphelocephala pectoralis,9.0
Aphelocoma californica,85.7
Aphelocoma coerulescens,77.1
Aphelocoma insularis,85.7
Aphelocoma ultramarina,113.3
Aphelocoma unicolor,124.0
Aphelocoma wollweberi,113.3
Aphelocoma woodhouseii,90.2
Aphrastura masafuerae,12.2
Aphrastura spinicauda,11.5
Aphrodroma brevirostris,357.0
Aplonis atrifusca,146.0
Aplonis brunneicapillus,66.7
Aplonis cantoroides,55.7
Aplonis cinerascens,82.9
Aplonis crassa,59.0
Aplonis dichroa,84.0
Aplonis feadensis,72.0
Aplonis grandis,134.0
Aplonis insularis,69.9
Aplonis magna,190.0
Aplonis metallica,56.5
Aplonis minor,42.0
Aplonis mysolensis,62.0
Aplonis mystacea,68.7
Aplonis opaca,83.4
Aplonis panayensis,56.2
Aplonis pelzelni,47.0
Aplonis santovestris,68.7
Aplonis striata,54.2
Aplonis tabuensis,62.5
Aplonis zelandica,68.7
Aprositornis disjuncta,15.0
Aprosmictus erythropterus,136.0
Aprosmictus jonquillaceus,119.0
Aptenodytes forsteri,33569.3
Aptenodytes patagonicus,11731.1
Apteryx australis,2320.5
Apteryx haastii,2022.7
Apteryx mantelli,2320.5
Apteryx owenii,1238.3
Apteryx rowi,1924.0
Apus acuticauda,39.4
Apus aequatorialis,92.8
Apus affinis,22.6
Apus alexandri,39.4
Apus apus,37.6
Apus balstoni,42.8
Apus barbatus,42.8
Apus batesi,22.1
Apus berliozi,38.2
Apus bradfieldi,42.4
Apus caffer,22.1
Apus cooki,39.4
Apus horus,27.5
Apus leuconyx,39.4
Apus melba,100.4
Apus niansae,32.5
Apus nipalensis,29.8
Apus pacificus,39.4
Apus pallidus,41.9
Apus salimalii,39.4
Apus unicolor,22.5
Aquila adalberti,2958.0
Aquila africana,1047.0
Aquila audax,3449.9
Aquila chrysaetos,4248.0
Aquila fasciata,1936.5
Aquila gurneyi,3060.0
Aquila heliaca,3125.2
Aquila nipalensis,2714.3
Aquila rapax,2236.1
Aquila spilogaster,1466.2
Aquila verreauxii,4195.0
Ara ambiguus,1300.0
Ara ararauna,1125.0
Ara chloropterus,1214.0
Ara glaucogularis,784.0
Ara macao,1015.0
Ara militaris,1134.0
Ara rubrogenys,468.0
Ara severus,343.0
Arachnothera affinis,26.4
Arachnothera chrysogenys,23.2
Arachnothera clarae,30.1
Arachnothera crassirostris,16.0
Arachnothera dilutior,11.2
Arachnothera everetti,26.4
Arachnothera flammifera,11.8
Arachnothera flavigaster,38.4
Arachnothera juliae,30.1
Arachnothera longirostra,12.5
Arachnothera magna,30.7
Arachnothera modesta,26.4
Arachnothera robusta,29.3
Aramides albiventris,514.0
Aramides axillaris,292.0
Aramides cajaneus,397.0
Aramides calopterus,320.5
Aramides mangle,183.0
Aramides saracura,540.0
Aramides wolfi,454.0
Aramides ypecaha,700.1
Aramidopsis plateni,116.0
Aramus guarauna,1080.0
Aratinga auricapillus,130.0
Aratinga jandaya,89.4
Aratinga maculata,119.6
Aratinga nenday,128.0
Aratinga solstitialis,119.6
Aratinga weddellii,108.0
Arborophila ardens,266.6
Arborophila atrogularis,237.3
Arborophila brunneopectus,291.5
Arborophila cambodiana,285.9
Arborophila campbelli,336.0
Arborophila crudigularis,256.8
Arborophila davidi,241.0
Arborophila gingica,253.0
Arborophila hyperythra,270.0
Arborophila javanica,272.0
Arborophila mandellii,268.0
Arborophila orientalis,336.0
Arborophila rolli,336.0
Arborophila rubrirostris,225.4
Arborophila rufipectus,400.1
Arborophila rufogularis,344.5
Arborophila sumatrana,336.0
Arborophila torqueola,344.5
Arcanator orostruthus,32.7
Archboldia papuensis,177.6
Archilochus alexandri,3.4
Archilochus colubris,3.1
Ardea alba,871.3
Ardea cinerea,1443.0
Ardea cocoi,1752.4
Ardea goliath,4468.0
Ardea herodias,2523.4
Ardea humbloti,1060.0
Ardea insignis,2024.0
Ardea intermedia,458.8
Ardea melanocephala,1060.0
Ardea pacifica,881.0
Ardea purpurea,1064.5
Ardea sumatrana,2024.0
Ardenna bulleri,407.0
Ardenna carneipes,609.0
Ardenna creatopus,744.0
Ardenna gravis,849.0
Ardenna grisea,787.0
Ardenna pacifica,388.0
Ardenna tenuirostris,559.0
Ardeola bacchus,304.9
Ardeola grayii,253.0
Ardeola idae,253.0
Ardeola ralloides,287.0
Ardeola rufiventris,201.5
Ardeola speciosa,253.0
Ardeotis arabs,5943.5
Ardeotis australis,4182.4
Ardeotis kori,7994.2
Ardeotis nigriceps,7235.3
Arenaria interpres,136.0
Arenaria melanocephala,126.2
Argusianus argus,1959.9
Argya affinis,63.3
Argya altirostris,33.0
Argya aylmeri,35.3
Argya caudata,39.2
Argya cinereifrons,70.0
Argya earlei,47.0
Argya fulva,61.4
Argya gularis,45.5
Argya huttoni,39.2
Argya longirostris,35.0
Argya malcolmi,75.7
Argya rubiginosa,40.6
Argya rufescens,64.5
Argya squamiceps,72.9
Argya striata,66.0
Argya subrufa,66.7
Arizelocichla chlorigula,34.5
Arizelocichla fusciceps,34.5
Arizelocichla masukuensis,26.8
Arizelocichla milanjensis,37.4
Arizelocichla montana,32.6
Arizelocichla neumanni,34.5
Arizelocichla nigriceps,34.5
Arizelocichla tephrolaema,38.3
Arremon abeillei,25.9
Arremon assimilis,39.0
Arremon atricapillus,44.6
Arremon aurantiirostris,34.5
Arremon basilicus,42.0
Arremon brunneinucha,44.0
Arremon castaneiceps,36.9
Arremon costaricensis,42.0
Arremon crassirostris,38.7
Arremon dorbignii,26.1
Arremon flavirostris,26.1
Arremon franciscanus,24.9
Arremon perijanus,42.0
Arremon phaeopleurus,42.0
Arremon phygas,42.0
Arremon schlegeli,27.7
Arremon semitorquatus,25.0
Arremon taciturnus,24.8
Arremon torquatus,42.0
Arremon virenticeps,41.0
Arremonops chloronotus,27.4
Arremonops conirostris,35.9
Arremonops rufivirgatus,22.4
Arremonops tocuyensis,29.4
Arses insularis,19.3
Arses kaupi,13.5
Arses lorealis,13.7
Arses telescopthalmus,15.3
Artamella viridis,48.8
Artamus cinereus,35.6
Artamus cyanopterus,34.6
Artamus fuscus,39.8
Artamus insignis,51.3
Artamus leucorynchus,41.7
Artamus maximus,58.2
Artamus mentalis,41.9
Artamus minor,16.0
Artamus monachus,51.3
Artamus personatus,34.6
Artamus superciliosus,35.5
Artemisiospiza belli,17.0
Artemisiospiza nevadensis,18.5
Artisornis metopias,8.4
Artisornis moreaui,9.2
Arundinax aedon,22.4
Arundinicola leucocephala,13.8
Asarcornis scutulata,2937.4
Asemospiza fuliginosa,13.3
Asemospiza obscura,11.2
Ashbyia lovensis,17.5
Asio abyssinicus,322.5
Asio capensis,334.0
Asio clamator,443.3
Asio flammeus,322.6
Asio grammicus,335.0
Asio madagascariensis,322.5
Asio otus,296.6
Asio solomonensis,1155.0
Asio stygius,565.0
Aspatha gularis,62.7
Asthenes anthoides,22.3
Asthenes ayacuchensis,20.2
Asthenes baeri,17.8
Asthenes berlepschi,67.0
Asthenes coryi,16.8
Asthenes dorbignyi,15.9
Asthenes flammulata,22.5
Asthenes fuliginosa,18.3
Asthenes griseomurina,17.6
Asthenes harterti,12.9
Asthenes helleri,15.3
Asthenes heterura,13.5
Asthenes hudsoni,19.0
Asthenes humilis,21.0
Asthenes luizae,28.0
Asthenes maculicauda,19.0
Asthenes modesta,16.8
Asthenes moreirae,10.5
Asthenes ottonis,13.0
Asthenes palpebralis,17.0
Asthenes perijana,18.3
Asthenes pudibunda,14.9
Asthenes pyrrholeuca,13.2
Asthenes sclateri,15.2
Asthenes urubambensis,16.0
Asthenes vilcabambae,20.2
Asthenes virgata,22.0
Asthenes wyatti,15.2
Astrapia mayeri,139.3
Astrapia nigra,190.0
Astrapia rothschildi,181.4
Astrapia splendidissima,131.3
Astrapia stephaniae,141.8
Atalotriccus pilaris,6.8
Atelornis crossleyi,79.0
Atelornis pittoides,91.5
Athene blewitti,241.0
Athene brama,112.0
Athene cunicularia,150.6
Athene noctua,168.9
Athene superciliaris,231.0
Atimastillas flavicollis,48.7
Atlantisia rogersi,39.3
Atlapetes albiceps,37.0
Atlapetes albinucha,33.8
Atlapetes albofrenatus,30.0
Atlapetes blancae,28.0
Atlapetes canigenis,26.6
Atlapetes citrinellus,28.0
Atlapetes flaviceps,33.7
Atlapetes forbesi,32.2
Atlapetes fulviceps,28.2
Atlapetes fuscoolivaceus,32.5
Atlapetes latinuchus,23.6
Atlapetes leucopis,43.0
Atlapetes leucopterus,20.8
Atlapetes luteoviridis,30.0
Atlapetes melanocephalus,25.0
Atlapetes melanolaemus,28.9
Atlapetes melanopsis,29.6
Atlapetes nationi,41.6
Atlapetes pallidiceps,27.5
Atlapetes pallidinucha,34.6
Atlapetes personatus,32.7
Atlapetes pileatus,24.0
Atlapetes rufigenis,32.2
Atlapetes rufinucha,21.5
Atlapetes schistaceus,28.0
Atlapetes seebohmi,29.5
Atlapetes semirufus,30.7
Atlapetes terborghi,27.8
Atlapetes tibialis,30.0
Atlapetes tricolor,36.5
Atrichornis clamosus,42.2
Atrichornis rufescens,24.0
Atronanus fuliginosus,9.8
Attagis gayi,311.0
Attagis malouinus,340.0
Atticora fasciata,13.0
Atticora pileata,12.2
Atticora tibialis,10.6
Attila bolivianus,39.5
Attila cinnamomeus,38.8
Attila citriniventris,33.7
Attila phoenicurus,32.3
Attila rufus,42.6
Attila spadiceus,39.1
Attila torridus,46.0
Augastes lumachella,4.0
Augastes scutatus,3.0
Aulacorhynchus albivitta,195.0
Aulacorhynchus coeruleicinctis,208.0
Aulacorhynchus derbianus,209.7
Aulacorhynchus haematopygus,194.4
Aulacorhynchus huallagae,268.8
Aulacorhynchus prasinus,170.6
Aulacorhynchus sulcatus,167.0
Aulacorhynchus whitelianus,133.0
Auriparus flaviceps,6.8
Automolus exsertus,40.2
Automolus infuscatus,32.9
Automolus lammi,34.5
Automolus leucophthalmus,34.5
Automolus melanopezus,31.4
Automolus ochrolaemus,40.2
Automolus paraensis,36.0
Automolus rufipileatus,34.8
Automolus subulatus,28.8
Aviceda cuculoides,277.0
Aviceda jerdoni,363.0
Aviceda leuphotes,194.0
Aviceda madagascariensis,277.0
Aviceda subcristata,322.7
Avocettula recurvirostris,4.2
Aythya affinis,819.5
Aythya americana,1075.7
Aythya australis,869.4
Aythya baeri,681.2
Aythya collaris,704.6
Aythya ferina,823.0
Aythya fuligula,701.2
Aythya innotata,685.0
Aythya marila,1005.4
Aythya novaeseelandiae,682.0
Aythya nyroca,574.0
Aythya valisineria,1202.0
Baeolophus atricristatus,17.5
Baeolophus bicolor,21.6
Baeolophus inornatus,15.9
Baeolophus ridgwayi,15.9
Baeolophus wollweberi,10.4
Baeopogon clamans,45.8
Baeopogon indicator,45.8
Balaeniceps rex,5941.0
Balearica pavonina,3590.0
Balearica regulorum,3772.0
Bambusicola fytchii,313.7
Bambusicola sonorivox,264.8
Bambusicola thoracicus,264.8
Bangsia arcaei,37.2
Bangsia aureocincta,41.7
Bangsia edwardsi,37.0
Bangsia flavovirens,25.0
Bangsia melanochlamys,37.2
Bangsia rothschildi,48.5
Barnardius zonarius,133.0
Bartramia longicauda,158.9
Baryphthengus martii,165.0
Baryphthengus ruficapillus,141.7
Basileuterus belli,10.7
Basileuterus culicivorus,10.5
Basileuterus delattrii,10.4
Basileuterus griseiceps,13.0
Basileuterus ignotus,10.9
Basileuterus lachrymosus,25.6
Basileuterus melanogenys,11.8
Basileuterus melanotis,12.0
Basileuterus rufifrons,10.4
Basileuterus tacarcunae,13.2
Basileuterus trifasciatus,9.7
Basileuterus tristriatus,12.0
Basilinna leucotis,3.4
Basilinna xantusii,3.4
Basilornis celebensis,126.0
Basilornis corythaix,126.0
Basilornis galeatus,126.0
Batara cinerea,131.0
Bathilda ruficauda,11.1
Bathmocercus cerviniventris,15.8
Bathmocercus rufus,15.4
Batis capensis,11.7
Batis crypta,12.2
Batis diops,12.7
Batis erlangeri,12.5
Batis fratrum,11.9
Batis ituriensis,10.7
Batis margaritae,11.7
Batis minima,10.0
Batis minor,12.5
Batis minulla,9.9
Batis mixta,12.2
Batis molitor,11.6
Batis occulta,9.0
Batis orientalis,11.1
Batis perkeo,6.9
Batis poensis,9.6
Batis pririt,9.3
Batis senegalensis,9.6
Batis soror,9.5
Batrachostomus affinis,46.3
Batrachostomus auritus,206.0
Batrachostomus chaseni,46.3
Batrachostomus cornutus,46.3
Batrachostomus harterti,206.0
Batrachostomus hodgsoni,51.0
Batrachostomus javensis,46.3
Batrachostomus mixtus,46.3
Batrachostomus moniliger,52.4
Batrachostomus poliolophus,46.3
Batrachostomus septimus,86.8
Batrachostomus stellatus,51.3
Berenicornis comatus,1470.0
Berlepschia rikeri,37.0
Bernieria madagascariensis,25.3
Bias musicus,21.9
Biatas nigropectus,25.5
Biziura lobata,1928.5
Bleda canicapillus,41.3
Bleda eximius,35.7
Bleda notatus,35.7
Bleda syndactylus,46.1
Blythipicus pyrrhotis,132.0
Blythipicus rubiginosus,81.9
Boissonneaua flavescens,8.2
Boissonneaua jardini,9.1
Boissonneaua matthewsii,7.7
Bolbopsittacus lunulatus,67.6
Bolborhynchus ferrugineifrons,64.0
Bolborhynchus lineola,56.2
Bolborhynchus orbygnesius,43.1
Bolemoreus frenatus,34.1
Bolemoreus hindwoodi,22.9
Bombycilla cedrorum,31.6
Bombycilla garrulus,54.4
Bombycilla japonica,42.3
Bonasa umbellus,530.9
Bostrychia bocagei,866.0
Bostrychia carunculata,1500.0
Bostrychia hagedash,1238.0
Bostrychia olivacea,866.0
Bostrychia rara,866.0
Botaurus lentiginosus,706.0
Botaurus pinnatus,812.2
Botaurus poiciloptilus,1083.7
Botaurus stellaris,1319.5
Brachycope anomala,25.3
Brachygalba albogularis,17.4
Brachygalba goeringi,17.0
Brachygalba lugubris,15.9
Brachygalba salmoni,17.2
Brachypodius eutilotus,35.3
Brachypodius fuscoflavescens,25.5
Brachypodius melanocephalos,25.5
Brachypodius melanoleucos,31.0
Brachypodius priocephalus,25.5
Brachypodius urostictus,24.8
Brachypteracias leptosomus,185.0
Brachypteracias squamiger,155.0
Brachypteryx cruralis,17.7
Brachypteryx goodfellowi,17.7
Brachypteryx hyperythra,15.8
Brachypteryx leucophris,15.8
Brachypteryx montana,17.7
Brachypteryx sinensis,17.7
Brachypteryx stellata,23.0
Brachyramphus brevirostris,234.0
Brachyramphus marmoratus,220.0
Brachyramphus perdix,220.0
Bradornis boehmi,19.3
Bradornis comitatus,14.1
Bradornis fuliginosus,17.7
Bradornis mariquensis,25.2
Bradornis microrhynchus,19.5
Bradornis ussheri,17.8
Bradypterus baboecala,12.9
Bradypterus bangwaensis,21.0
Bradypterus barratti,18.8
Bradypterus brunneus,14.2
Bradypterus carpalis,22.4
Bradypterus centralis,12.9
Bradypterus cinnamomeus,17.4
Bradypterus grandis,18.5
Bradypterus graueri,17.0
Bradypterus lopezi,19.2
Bradypterus seebohmi,12.3
Bradypterus sylvaticus,21.0
Branta bernicla,1277.9
Branta canadensis,2811.7
Branta hutchinsii,2811.7
Branta leucopsis,1684.0
Branta ruficollis,1226.5
Branta sandvicensis,2044.1
Brotogeris chiriri,61.6
Brotogeris chrysoptera,54.5
Brotogeris cyanoptera,56.0
Brotogeris jugularis,63.2
Brotogeris pyrrhoptera,63.9
Brotogeris sanctithomae,59.0
Brotogeris tirica,63.0
Brotogeris versicolurus,71.5
Brunhilda charmosyna,7.4
Brunhilda erythronotos,9.2
Bubalornis albirostris,61.9
Bubalornis niger,76.2
Bubo africanus,645.0
Bubo ascalaphus,2100.0
Bubo bengalensis,1100.0
Bubo bubo,2668.5
Bubo capensis,1118.6
Bubo cinerascens,500.0
Bubo coromandus,1392.2
Bubo lacteus,2114.9
Bubo leucostictus,532.5
Bubo milesi,645.0
Bubo nipalensis,1396.4
Bubo philippensis,532.5
Bubo poensis,654.9
Bubo scandiacus,2028.8
Bubo shelleyi,1257.0
Bubo sumatranus,1525.0
Bubo virginianus,1354.5
Bubo vosseleri,770.0
Bubulcus ibis,366.0
Bucanetes githagineus,19.6
Bucanetes mongolicus,21.5
Buccanodon duchaillui,41.8
Bucco capensis,54.0
Bucco macrodactylus,25.0
Bucco noanamae,42.8
Bucco tamatia,35.5
Bucephala albeola,397.5
Bucephala clangula,918.6
Bucephala islandica,921.2
Buceros bicornis,2790.8
Buceros hydrocorax,1409.6
Buceros rhinoceros,2371.6
Buceros vigil,2887.6
Bucorvus abyssinicus,4000.0
Bucorvus leadbeateri,3743.6
Bugeranus carunculatus,8159.0
Bulweria bulwerii,99.0
Bulweria fallax,173.0
Buphagus africanus,58.5
Buphagus erythrorynchus,50.7
Burhinus bistriatus,787.0
Burhinus capensis,423.0
Burhinus grallarius,648.1
Burhinus indicus,307.0
Burhinus oedicnemus,459.0
Burhinus senegalensis,326.0
Burhinus superciliaris,480.0
Burhinus vermiculatus,320.0
Busarellus nigricollis,766.1
Butastur indicus,414.6
Butastur liventer,338.0
Butastur rufipennis,334.9
Butastur teesa,325.0
Buteo albigula,525.0
Buteo albonotatus,745.9
Buteo archeri,1099.2
Buteo augur,1099.2
Buteo auguralis,663.9
Buteo bannermani,759.1
Buteo brachypterus,511.0
Buteo brachyurus,496.0
Buteo buteo,759.1
Buteo galapagoensis,1137.4
Buteo hemilasius,1358.9
Buteo jamaicensis,1101.2
Buteo japonicus,759.1
Buteo lagopus,949.8
Buteo lineatus,603.7
Buteo nitidus,519.0
Buteo oreophilus,700.0
Buteo plagiatus,519.0
Buteo platypterus,453.7
Buteo refectus,759.1
Buteo regalis,1437.2
Buteo ridgwayi,315.0
Buteo rufinus,1166.2
Buteo rufofuscus,1530.0
Buteo socotraensis,759.1
Buteo solitarius,500.9
Buteo swainsoni,946.6
Buteo trizonatus,568.0
Buteo ventralis,1190.5
Buteogallus aequinoctialis,657.6
Buteogallus anthracinus,975.1
Buteogallus coronatus,2950.0
Buteogallus gundlachii,975.1
Buteogallus lacernulatus,312.0
Buteogallus meridionalis,808.0
Buteogallus schistaceus,1000.0
Buteogallus solitarius,3000.0
Buteogallus urubitinga,1152.9
Buthraupis montana,87.1
Butorides striata,201.5
Butorides virescens,201.5
Bycanistes albotibialis,921.0
Bycanistes brevis,1232.8
Bycanistes bucinator,639.4
Bycanistes cylindricus,921.0
Bycanistes fistulator,508.1
Bycanistes subcylindricus,1195.4
Cacatua alba,570.0
Cacatua ducorpsii,394.0
Cacatua galerita,720.4
Cacatua goffiniana,275.0
Cacatua haematuropygia,288.0
Cacatua moluccensis,835.0
Cacatua ophthalmica,492.0
Cacatua pastinator,631.7
Cacatua sanguinea,523.7
Cacatua sulphurea,303.3
Cacatua tenuirostris,566.6
Cacicus cela,85.5
Cacicus chrysonotus,79.5
Cacicus chrysopterus,36.2
Cacicus haemorrhous,83.7
Cacicus koepckeae,48.0
Cacicus latirostris,96.1
Cacicus oseryi,137.7
Cacicus sclateri,49.0
Cacicus solitarius,79.8
Cacicus uropygialis,61.2
Cacomantis aeruginosus,35.8
Cacomantis castaneiventris,33.2
Cacomantis flabelliformis,49.8
Cacomantis leucolophus,107.2
Cacomantis merulinus,25.3
Cacomantis pallidus,87.7
Cacomantis passerinus,25.3
Cacomantis sonneratii,33.8
Cacomantis variolosus,35.8
Cairina moschata,2415.8
Calamanthus campestris,13.9
Calamanthus fuliginosus,20.8
Calamanthus montanellus,14.0
Calamonastes fasciolatus,13.1
Calamonastes simplex,12.0
Calamonastes stierlingi,13.0
Calamonastes undosus,13.0
Calamonastides gracilirostris,10.8
Calamornis heudei,32.0
Calamospiza melanocorys,37.6
Calandrella acutirostris,20.2
Calandrella blanfordi,23.7
Calandrella brachydactyla,21.1
Calandrella cinerea,23.7
Calandrella dukhunensis,21.1
Calandrella eremica,23.7
Calcarius lapponicus,27.8
Calcarius ornatus,20.3
Calcarius pictus,26.7
Calendulauda africanoides,23.4
Calendulauda albescens,30.4
Calendulauda alopex,24.0
Calendulauda barlowi,28.1
Calendulauda burra,37.4
Calendulauda erythrochlamys,28.1
Calendulauda poecilosterna,24.7
Calendulauda sabota,24.7
Calicalicus madagascariensis,16.4
Calicalicus rufocarpalis,16.8
Calidris acuminata,66.1
Calidris alba,51.7
Calidris alpina,51.9
Calidris bairdii,41.0
Calidris canutus,141.9
Calidris falcinellus,37.1
Calidris ferruginea,58.1
Calidris fuscicollis,43.0
Calidris himantopus,57.2
Calidris maritima,65.1
Calidris mauri,27.8
Calidris melanotos,79.7
Calidris minuta,21.1
Calidris minutilla,22.9
Calidris ptilocnemis,81.3
Calidris pugnax,131.7
Calidris pusilla,27.5
Calidris pygmaea,31.7
Calidris ruficollis,26.8
Calidris subminuta,30.2
Calidris subruficollis,62.1
Calidris temminckii,23.0
Calidris tenuirostris,192.0
Calidris virgata,201.0
Caligavis chrysops,17.3
Caligavis obscura,26.4
Caligavis subfrenata,29.7
Callacanthis burtoni,38.1
Callaeas wilsoni,225.4
Calliope calliope,18.5
Calliope obscura,19.6
Calliope pectardens,14.5
Calliope pectoralis,23.3
Calliope tschebaiewi,23.3
Callipepla californica,165.7
Callipepla douglasii,177.1
Callipepla gambelii,166.0
Callipepla squamata,183.9
Calliphlox amethystina,2.8
Callocephalon fimbriatum,256.0
Callonetta leucophrys,362.8
Calochaetes coccineus,46.4
Calocitta colliei,234.0
Calocitta formosa,210.0
Caloenas nicobarica,537.9
Calonectris diomedea,535.0
Calonectris edwardsii,535.0
Calonectris leucomelas,580.0
Caloperdix oculeus,209.0
Caloramphus fuliginosus,42.6
Caloramphus hayii,42.6
Calothorax lucifer,3.3
Calothorax pulcher,2.7
Calypte anna,4.2
Calypte costae,3.1
Calyptocichla serinus,38.7
Calyptomena hosii,92.0
Calyptomena viridis,58.5
Calyptomena whiteheadi,156.1
Calyptophilus frugivorus,32.1
Calyptophilus tertius,49.2
Calyptorhynchus banksii,721.9
Calyptorhynchus baudinii,620.0
Calyptorhynchus funereus,674.7
Calyptorhynchus lathami,437.0
Calyptorhynchus latirostris,612.0
Calyptura cristata,7.8
Camarhynchus heliobates,18.0
Camarhynchus pallidus,23.1
Camarhynchus parvulus,13.2
Camarhynchus pauper,16.0
Camarhynchus psittacula,18.7
Camaroptera brachyura,9.7
Camaroptera chloronota,11.4
Camaroptera harterti,9.7
Camaroptera superciliaris,9.7
Campephaga flava,32.3
Campephaga petiti,31.3
Campephaga phoenicea,27.1
Campephaga quiscalina,34.5
Campephilus gayaquilensis,241.2
Campephilus guatemalensis,242.0
Campephilus haematogaster,237.0
Campephilus imperialis,700.0
Campephilus leucopogon,249.0
Campephilus magellanicus,324.0
Campephilus melanoleucos,256.0
Campephilus pollens,187.9
Campephilus principalis,516.0
Campephilus robustus,200.0
Campephilus rubricollis,210.7
Campethera abingoni,67.5
Campethera bennettii,70.1
Campethera cailliautii,41.1
Campethera caroli,44.2
Campethera maculosa,54.0
Campethera mombassica,59.6
Campethera nivosa,37.8
Campethera notata,62.0
Campethera nubica,59.7
Campethera punctuligera,71.8
Campethera scriptoricauda,59.7
Campethera tullbergi,50.5
Campicoloides bifasciatus,35.0
Campochaera sloetii,41.0
Campocolinus albogularis,276.0
Campocolinus coqui,262.0
Campocolinus schlegelii,236.6
Camptostoma imberbe,7.4
Camptostoma obsoletum,8.1
Campylopterus calcirupicola,8.3
Campylopterus diamantinensis,8.3
Campylopterus duidae,6.1
Campylopterus ensipennis,9.6
Campylopterus falcatus,7.2
Campylopterus hemileucurus,9.7
Campylopterus hyperythrus,6.4
Campylopterus largipennis,8.3
Campylopterus phainopeplus,7.7
Campylopterus villaviscensio,7.4
Campylorhamphus falcularius,42.6
Campylorhamphus procurvoides,33.5
Campylorhamphus pusillus,40.5
Campylorhamphus trochilirostris,40.8
Campylorhynchus albobrunneus,32.9
Campylorhynchus brunneicapillus,38.9
Campylorhynchus chiapensis,50.9
Campylorhynchus fasciatus,30.0
Campylorhynchus griseus,42.4
Campylorhynchus gularis,30.1
Campylorhynchus jocosus,27.6
Campylorhynchus megalopterus,33.1
Campylorhynchus nuchalis,23.2
Campylorhynchus rufinucha,31.0
Campylorhynchus turdinus,32.6
Campylorhynchus yucatanicus,35.5
Campylorhynchus zonatus,34.6
Canachites canadensis,473.7
Canirallus oculeus,277.0
Cantorchilus elutus,19.7
Cantorchilus griseus,19.1
Cantorchilus guarayanus,13.5
Cantorchilus leucopogon,19.1
Cantorchilus leucotis,19.4
Cantorchilus longirostris,21.3
Cantorchilus modestus,17.6
Cantorchilus nigricapillus,23.9
Cantorchilus semibadius,17.0
Cantorchilus superciliaris,22.8
Cantorchilus thoracicus,17.6
Cantorchilus zeledoni,23.5
Capito auratus,57.4
Capito aurovirens,56.2
Capito brunneipectus,57.9
Capito dayi,67.2
Capito hypoleucus,70.9
Capito maculicoronatus,52.8
Capito niger,57.4
Capito quinticolor,60.0
Capito squamatus,59.3
Capito wallacei,69.5
Caprimulgus aegyptius,77.3
Caprimulgus affinis,58.7
Caprimulgus andamanicus,66.2
Caprimulgus asiaticus,42.0
Caprimulgus atripennis,61.0
Caprimulgus batesi,100.0
Caprimulgus binotatus,63.0
Caprimulgus celebensis,57.5
Caprimulgus clarus,42.5
Caprimulgus climacurus,45.8
Caprimulgus concretus,57.5
Caprimulgus donaldsoni,29.0
Caprimulgus europaeus,67.0
Caprimulgus eximius,66.3
Caprimulgus fossii,58.3
Caprimulgus fraenatus,59.7
Caprimulgus indicus,91.6
Caprimulgus inornatus,50.3
Caprimulgus jotaka,91.6
Caprimulgus longipennis,48.0
Caprimulgus macrurus,66.2
Caprimulgus madagascariensis,41.1
Caprimulgus mahrattensis,57.0
Caprimulgus manillensis,70.3
Caprimulgus meesi,66.2
Caprimulgus natalensis,77.7
Caprimulgus nigriscapularis,51.4
Caprimulgus nubicus,49.3
Caprimulgus pectoralis,51.4
Caprimulgus phalaena,91.6
Caprimulgus poliocephalus,41.8
Caprimulgus prigoginei,57.5
Caprimulgus pulchellus,57.5
Caprimulgus ruficollis,68.5
Caprimulgus rufigena,52.0
Caprimulgus ruwenzorii,41.8
Caprimulgus solala,79.0
Caprimulgus stellatus,58.2
Caprimulgus tristigma,79.0
Caprimulgus vexillarius,72.2
Capsiempis flaveola,7.7
Caracara plancus,1078.6
Cardellina canadensis,10.0
Cardellina pusilla,7.0
Cardellina rubra,8.1
Cardellina rubrifrons,8.1
Cardellina versicolor,10.0
Cardinalis cardinalis,42.6
Cardinalis phoeniceus,35.0
Cardinalis sinuatus,35.2
Carduelis carduelis,16.0
Carduelis citrinella,12.0
Carduelis corsicana,12.0
Cariama cristata,1400.0
Caridonax fulgidus,171.8
Carpococcyx radiceus,495.7
Carpococcyx renauldi,400.0
Carpococcyx viridis,495.7
Carpodacus davidianus,19.2
Carpodacus dubius,31.0
Carpodacus edwardsii,26.5
Carpodacus erythrinus,24.0
Carpodacus formosanus,22.1
Carpodacus grandis,33.4
Carpodacus pulcherrimus,19.2
Carpodacus puniceus,46.6
Carpodacus rhodochlamys,33.4
Carpodacus roborowskii,33.4
Carpodacus rodochroa,17.8
Carpodacus rodopeplus,23.0
Carpodacus roseus,28.6
Carpodacus rubicilla,43.2
Carpodacus rubicilloides,42.0
Carpodacus sibiricus,17.4
Carpodacus sillemi,28.9
Carpodacus sipahi,39.5
Carpodacus stoliczkae,20.8
Carpodacus subhimachalus,46.1
Carpodacus synoicus,20.8
Carpodacus thura,31.0
Carpodacus trifasciatus,31.0
Carpodacus verreauxii,23.0
Carpodacus vinaceus,22.1
Carpodacus waltoni,27.0
Carpodectes antoniae,98.0
Carpodectes hopkei,102.0
Carpodectes nitidus,101.6
Carpornis cucullata,74.2
Carpornis melanocephala,64.2
Carpospiza brachydactyla,22.3
Carterornis castus,14.0
Carterornis chrysomela,15.6
Carterornis leucotis,11.4
Carterornis pileatus,14.0
Caryothraustes canadensis,34.5
Caryothraustes poliogaster,41.8
Casiornis fuscus,19.5
Casiornis rufus,24.8
Cassiculus melanicterus,81.3
Castanozoster thoracicus,11.9
Casuarius bennetti,35000.0
Casuarius casuarius,44000.0
Casuarius unappendiculatus,46073.9
Catamblyrhynchus diadema,14.1
Catamenia analis,12.0
Catamenia homochroa,12.2
Catamenia inornata,13.4
Cataponera turdoides,89.7
Catharopeza bishopi,15.1
Cathartes aura,1518.2
Cathartes burrovianus,935.0
Cathartes melambrotus,1373.0
Catharus aurantiirostris,29.8
Catharus bicknelli,27.8
Catharus dryas,37.7
Catharus frantzii,28.9
Catharus fuscater,33.7
Catharus fuscescens,31.9
Catharus gracilirostris,21.0
Catharus guttatus,30.1
Catharus maculatus,37.7
Catharus mexicanus,33.0
Catharus minimus,31.6
Catharus occidentalis,26.2
Catharus ustulatus,30.3
Catherpes mexicanus,12.0
Catreus wallichii,1436.9
Catriscus brevirostris,15.7
Cecropis abyssinica,13.5
Cecropis badia,22.2
Cecropis cucullata,27.1
Cecropis daurica,22.2
Cecropis hyperythra,22.2
Cecropis semirufa,30.1
Cecropis senegalensis,45.4
Cecropis striolata,22.2
Celebesia abbotti,68.0
Celebesia parvula,68.0
Celeus castaneus,85.6
Celeus elegans,135.0
Celeus flavescens,139.0
Celeus flavus,147.3
Celeus galeatus,124.0
Celeus grammicus,64.5
Celeus loricatus,76.6
Celeus lugubris,137.0
Celeus obrieni,114.0
Celeus ochraceus,139.0
Celeus spectabilis,114.0
Celeus torquatus,134.0
Celeus undatus,64.5
Centrocercus minimus,1902.5
Centrocercus urophasianus,1902.5
Centronyx bairdii,18.1
Centronyx henslowii,12.8
Centropus andamanensis,164.0
Centropus anselli,210.0
Centropus ateralbus,339.0
Centropus bengalensis,148.9
Centropus bernsteini,162.1
Centropus celebensis,244.4
Centropus chalybeus,244.4
Centropus chlororhynchos,244.4
Centropus cupreicaudus,285.2
Centropus goliath,499.4
Centropus grillii,122.9
Centropus leucogaster,307.8
Centropus melanops,221.2
Centropus menbeki,519.0
Centropus milo,769.0
Centropus monachus,201.3
Centropus nigrorufus,244.4
Centropus phasianinus,382.0
Centropus rectunguis,238.0
Centropus senegalensis,169.0
Centropus sinensis,280.7
Centropus steerii,198.4
Centropus superciliosus,148.5
Centropus toulou,166.4
Centropus unirufus,183.8
Centropus violaceus,500.0
Centropus viridis,142.0
Cephalopterus glabricollis,379.5
Cephalopterus ornatus,380.0
Cephalopterus penduliger,338.0
Cephalopyrus flammiceps,7.0
Cepphus carbo,490.0
Cepphus columba,530.0
Cepphus grylle,378.0
Ceratogymna atrata,1194.8
Ceratogymna elata,1917.0
Ceratopipra chloromeros,16.5
Ceratopipra cornuta,25.3
Ceratopipra erythrocephala,13.4
Ceratopipra mentalis,15.0
Ceratopipra rubrocapilla,12.0
Cercibis oxycerca,1819.0
Cercococcyx mechowi,55.6
Cercococcyx montanus,58.2
Cercococcyx olivinus,65.9
Cercomacra brasiliana,12.0
Cercomacra carbonaria,14.5
Cercomacra cinerascens,14.3
Cercomacra ferdinandi,15.0
Cercomacra manu,18.1
Cercomacra melanaria,19.0
Cercomacra nigricans,16.6
Cercomacroides fuscicauda,16.5
Cercomacroides laeta,16.0
Cercomacroides nigrescens,16.5
Cercomacroides parkeri,17.2
Cercomacroides serva,17.0
Cercomacroides tyrannina,16.3
Cercotrichas barbata,25.6
Cercotrichas coryphoeus,20.4
Cercotrichas galactotes,20.3
Cercotrichas hartlaubi,19.2
Cercotrichas leucophrys,16.5
Cercotrichas leucosticta,25.4
Cercotrichas paena,19.7
Cercotrichas podobe,23.9
Cercotrichas quadrivirgata,26.1
Cercotrichas signata,38.2
Cereopsis novaehollandiae,3560.0
Cerorhinca monocerata,482.2
Certhia americana,8.1
Certhia brachydactyla,8.2
Certhia discolor,10.4
Certhia familiaris,9.0
Certhia himalayana,8.8
Certhia hodgsoni,9.0
Certhia manipurensis,10.4
Certhia nipalensis,11.1
Certhia tianquanensis,9.0
Certhiasomus stictolaemus,18.5
Certhiaxis cinnamomeus,15.2
Certhiaxis mustelinus,15.0
Certhidea fusca,8.0
Certhidea olivacea,9.5
Certhilauda benguelensis,40.4
Certhilauda brevirostris,44.0
Certhilauda chuana,44.1
Certhilauda curvirostris,40.4
Certhilauda semitorquata,40.4
Certhilauda subcoronata,40.4
Certhionyx variegatus,26.3
Ceryle rudis,84.4
Cettia brunnifrons,7.3
Cettia castaneocoronata,8.9
Cettia cetti,13.2
Cettia major,9.7
Ceuthmochares aereus,65.8
Ceuthmochares australis,65.8
Ceyx argentatus,17.8
Ceyx azureus,34.9
Ceyx cajeli,21.3
Ceyx collectoris,21.3
Ceyx cyanopectus,21.5
Ceyx dispar,21.3
Ceyx erithaca,17.8
Ceyx fallax,18.0
Ceyx flumenicola,17.8
Ceyx gentianus,21.3
Ceyx lepidus,21.3
Ceyx malaitae,21.3
Ceyx margarethae,21.3
Ceyx meeki,21.3
Ceyx melanurus,22.8
Ceyx mulcatus,21.3
Ceyx nigromaxilla,21.3
Ceyx pallidus,21.3
Ceyx pusillus,13.3
Ceyx rufidorsa,17.9
Ceyx sacerdotis,21.3
Ceyx solitarius,21.3
Ceyx uropygialis,21.3
Ceyx wallacii,21.3
Ceyx websteri,61.0
Chaetocercus astreans,2.0
Chaetocercus berlepschi,2.0
Chaetocercus bombus,6.5
Chaetocercus heliodor,2.0
Chaetocercus jourdanii,3.3
Chaetocercus mulsant,3.9
Chaetops aurantius,54.1
Chaetops frenatus,55.0
Chaetorhynchus papuensis,37.2
Chaetura andrei,17.1
Chaetura brachyura,18.3
Chaetura chapmani,23.8
Chaetura cinereiventris,13.9
Chaetura egregia,23.4
Chaetura fumosa,15.7
Chaetura martinica,12.5
Chaetura meridionalis,22.2
Chaetura pelagica,23.6
Chaetura spinicaudus,15.7
Chaetura vauxi,17.1
Chalcomitra adelberti,9.8
Chalcomitra amethystina,13.7
Chalcomitra balfouri,11.0
Chalcomitra fuliginosa,11.9
Chalcomitra hunteri,11.8
Chalcomitra rubescens,10.3
Chalcomitra senegalensis,12.2
Chalcoparia singalensis,8.2
Chalcophaps indica,136.5
Chalcophaps longirostris,136.5
Chalcophaps stephani,129.0
Chalcopsitta atra,195.0
Chalcopsitta duivenbodei,218.0
Chalcopsitta scintillata,190.0
Chalcostigma herrani,5.8
Chalcostigma heteropogon,6.1
Chalcostigma olivaceum,8.2
Chalcostigma ruficeps,3.4
Chalcostigma stanleyi,5.8
Chalcothraupis ruficervix,19.0
Chalybura buffonii,6.8
Chalybura urochrysia,6.4
Chamaea fasciata,14.7
Chamaepetes goudotii,727.7
Chamaepetes unicolor,1135.0
Chamaetylas choloensis,41.3
Chamaetylas fuelleborni,52.0
Chamaetylas poliocephala,32.4
Chamaetylas poliophrys,35.2
Chamaeza campanisona,90.6
Chamaeza meruloides,69.0
Chamaeza mollissima,72.0
Chamaeza nobilis,123.0
Chamaeza ruficauda,71.2
Chamaeza turdina,68.3
Charadrius alexandrinus,42.3
Charadrius alticola,44.9
Charadrius asiaticus,77.1
Charadrius bicinctus,59.4
Charadrius collaris,28.3
Charadrius dealbatus,42.3
Charadrius dubius,38.7
Charadrius falklandicus,65.0
Charadrius forbesi,31.2
Charadrius hiaticula,64.0
Charadrius javanicus,42.3
Charadrius leschenaultii,74.8
Charadrius marginatus,48.3
Charadrius melodus,54.4
Charadrius modestus,78.0
Charadrius mongolus,64.0
Charadrius montanus,95.7
Charadrius morinellus,108.2
Charadrius nivosus,42.3
Charadrius obscurus,146.0
Charadrius pallidus,34.8
Charadrius pecuarius,34.0
Charadrius peronii,42.0
Charadrius placidus,62.7
Charadrius ruficapillus,37.4
Charadrius sanctaehelenae,48.7
Charadrius semipalmatus,46.7
Charadrius thoracicus,11.5
Charadrius tricollaris,31.2
Charadrius veredus,95.0
Charadrius vociferus,96.4
Charadrius wilsonia,55.1
Charitospiza eucosma,10.5
Charminetta wilhelminae,18.0
Charmosyna josefinae,74.0
Charmosyna papou,82.9
Charmosynoides margarethae,49.4
Charmosynopsis pulchella,34.1
Charmosynopsis toxopei,37.0
Chasiempis ibidis,13.1
Chasiempis sandwichensis,13.7
Chasiempis sclateri,12.9
Chauna chavaria,2557.6
Chauna torquata,4400.0
Chelictinia riocourii,110.0
Chelidoptera tenebrosa,35.9
Chelidorhynx hypoxanthus,6.0
Chenonetta jubata,807.5
Chenorhamphus campbelli,12.5
Chenorhamphus grayi,12.5
Cheramoeca leucosterna,14.1
Chersomanes albofasciata,24.6
Chersomanes beesleyi,24.6
Chersophilus duponti,39.4
Chionis albus,675.7
Chionis minor,494.0
Chionomesa fimbriata,4.9
Chionomesa lactea,4.6
Chiroxiphia boliviana,17.1
Chiroxiphia caudata,25.6
Chiroxiphia lanceolata,18.5
Chiroxiphia linearis,17.4
Chiroxiphia pareola,16.8
Chlamydera cerviniventris,156.4
Chlamydera guttata,136.0
Chlamydera lauterbachi,123.2
Chlamydera maculata,140.0
Chlamydera nuchalis,200.4
Chlamydochaera jefferyi,65.1
Chlamydotis macqueenii,1501.3
Chlamydotis undulata,1501.3
Chleuasicus atrosuperciliaris,16.8
Chlidonias albostriatus,94.7
Chlidonias hybrida,83.7
Chlidonias leucopterus,54.2
Chlidonias niger,65.3
Chloebia gouldiae,13.8
Chloephaga hybrida,2281.8
Chloephaga picta,2880.4
Chloephaga poliocephala,2007.1
Chloephaga rubidiceps,2086.0
Chlorestes candida,3.8
Chlorestes cyanus,3.3
Chlorestes eliciae,3.6
Chlorestes julie,3.3
Chlorestes notata,4.2
Chloris ambigua,15.5
Chloris chloris,26.0
Chloris monguilloti,15.5
Chloris sinica,18.6
Chloris spinoides,18.6
Chloroceryle aenea,13.8
Chloroceryle amazona,126.4
Chloroceryle americana,33.7
Chloroceryle inda,52.1
Chlorochrysa calliparaea,17.0
Chlorochrysa nitidissima,18.6
Chlorochrysa phoenicotis,21.8
Chlorocichla falkensteini,31.7
Chlorocichla flaviventris,39.4
Chlorocichla laetissima,50.2
Chlorocichla prigoginei,45.3
Chlorocichla simplex,46.4
Chlorodrepanis flava,12.6
Chlorodrepanis stejnegeri,16.6
Chlorodrepanis virens,13.7
Chlorophanes spiza,19.0
Chlorophonia callophrys,25.8
Chlorophonia cyanea,14.0
Chlorophonia cyanocephala,14.0
Chlorophonia elegantissima,15.0
Chlorophonia flavirostris,11.0
Chlorophonia musica,14.7
Chlorophonia occipitalis,25.8
Chlorophonia pyrrhophrys,17.0
Chloropicus abyssinicus,24.5
Chloropicus elachus,18.4
Chloropicus elliotii,37.2
Chloropicus fuscescens,26.0
Chloropicus gabonensis,25.9
Chloropicus goertae,44.5
Chloropicus griseocephalus,40.9
Chloropicus lugubris,25.9
Chloropicus namaquus,81.5
Chloropicus obsoletus,21.4
Chloropicus poecilolaemus,28.1
Chloropicus pyrrhogaster,68.5
Chloropicus spodocephalus,47.3
Chloropicus stierlingi,28.0
Chloropicus xantholophus,81.5
Chloropipo flavicapilla,17.8
Chloropipo unicolor,15.5
Chloropsis aurifrons,32.3
Chloropsis cochinchinensis,24.5
Chloropsis cyanopogon,22.0
Chloropsis flavipennis,35.4
Chloropsis hardwickii,32.3
Chloropsis jerdoni,24.5
Chloropsis kinabaluensis,24.5
Chloropsis media,32.3
Chloropsis palawanensis,30.3
Chloropsis sonnerati,45.8
Chloropsis venusta,22.0
Chlorornis riefferii,53.0
Chlorospingus canigularis,18.0
Chlorospingus flavigularis,25.6
Chlorospingus flavopectus,20.0
Chlorospingus inornatus,28.0
Chlorospingus parvirostris,24.0
Chlorospingus pileatus,21.0
Chlorospingus semifuscus,19.0
Chlorospingus tacarcunae,18.9
Chlorostilbon alice,3.5
Chlorostilbon assimilis,2.6
Chlorostilbon gibsoni,2.6
Chlorostilbon lucidus,3.5
Chlorostilbon melanorhynchus,2.6
Chlorostilbon mellisugus,2.6
Chlorostilbon olivaresi,3.7
Chlorostilbon poortmani,3.3
Chlorostilbon russatus,3.4
Chlorostilbon stenurus,3.4
Chlorothraupis carmioli,37.6
Chlorothraupis olivacea,39.0
Chlorothraupis stolzmanni,38.8
Cholornis paradoxus,35.0
Cholornis unicolor,34.0
Chondestes grammacus,29.0
Chondrohierax uncinatus,286.1
Chordeiles acutipennis,48.4
Chordeiles gundlachii,50.0
Chordeiles minor,79.3
Chordeiles nacunda,159.0
Chordeiles pusillus,30.6
Chordeiles rupestris,52.3
Chroicocephalus brunnicephalus,569.3
Chroicocephalus bulleri,230.2
Chroicocephalus cirrocephalus,374.7
Chroicocephalus genei,281.0
Chroicocephalus hartlaubii,292.0
Chroicocephalus maculipennis,339.0
Chroicocephalus novaehollandiae,269.0
Chroicocephalus philadelphia,210.7
Chroicocephalus ridibundus,284.0
Chroicocephalus serranus,478.0
Chrysococcyx basalis,23.1
Chrysococcyx caprius,32.8
Chrysococcyx cupreus,37.7
Chrysococcyx flavigularis,29.2
Chrysococcyx klaas,27.4
Chrysococcyx lucidus,24.4
Chrysococcyx maculatus,27.4
Chrysococcyx megarhynchus,31.5
Chrysococcyx meyerii,19.4
Chrysococcyx minutillus,18.6
Chrysococcyx osculans,30.9
Chrysococcyx ruficollis,21.0
Chrysococcyx xanthorhynchus,22.4
Chrysocolaptes erythrocephalus,142.0
Chrysocolaptes festivus,213.0
Chrysocolaptes guttacristatus,166.0
Chrysocolaptes haematribon,130.0
Chrysocolaptes lucidus,142.0
Chrysocolaptes stricklandi,138.0
Chrysocolaptes strictus,142.0
Chrysocolaptes xanthocephalus,142.0
Chrysocorythus estherae,12.0
Chrysolampis mosquitus,3.9
Chrysolophus amherstiae,732.5
Chrysolophus pictus,555.2
Chrysomma altirostre,20.0
Chrysomma sinense,17.2
Chrysomus icterocephalus,30.7
Chrysomus ruficapillus,32.0
Chrysophlegma flavinucha,176.8
Chrysophlegma mentale,99.7
Chrysophlegma miniaceum,97.3
Chrysothlypis chrysomelas,13.0
Chrysothlypis salmoni,12.5
Chrysuronia brevirostris,4.3
Chrysuronia coeruleogularis,4.2
Chrysuronia goudoti,4.0
Chrysuronia grayi,5.6
Chrysuronia humboldtii,5.6
Chrysuronia leucogaster,4.7
Chrysuronia lilliae,4.3
Chrysuronia oenone,5.0
Chrysuronia versicolor,4.1
Chunga burmeisteri,1298.0
Ciccaba albitarsis,307.5
Ciccaba huhula,370.0
Ciccaba nigrolineata,457.9
Ciccaba virgata,284.0
Cichladusa arquata,34.2
Cichladusa guttata,23.1
Cichladusa ruficauda,28.5
Cichlocolaptes leucophrus,50.0
Cichlopsis leucogenys,53.8
Cicinnurus magnificus,89.8
Cicinnurus regius,51.6
Cicinnurus respublica,58.4
Ciconia abdimii,1398.0
Ciconia boyciana,4847.7
Ciconia ciconia,3445.8
Ciconia episcopus,2061.0
Ciconia maguari,3995.0
Ciconia nigra,2926.0
Ciconia stormi,2061.0
Cinclidium frontale,25.4
Cinclocerthia gutturalis,69.2
Cinclocerthia ruficauda,55.0
Cinclodes albidiventris,30.0
Cinclodes albiventris,30.0
Cinclodes antarcticus,63.2
Cinclodes aricomae,50.0
Cinclodes atacamensis,53.0
Cinclodes comechingonus,28.3
Cinclodes excelsior,64.0
Cinclodes fuscus,30.0
Cinclodes nigrofumosus,65.0
Cinclodes olrogi,28.0
Cinclodes oustaleti,30.5
Cinclodes pabsti,53.0
Cinclodes palliatus,103.9
Cinclodes patagonicus,30.7
Cinclodes taczanowskii,64.5
Cincloramphus bivittatus,30.0
Cincloramphus cruralis,49.2
Cincloramphus grosvenori,54.0
Cincloramphus llaneae,25.5
Cincloramphus macrurus,21.6
Cincloramphus mariei,25.0
Cincloramphus mathewsi,29.3
Cincloramphus rubiginosus,41.2
Cincloramphus rufus,26.0
Cincloramphus timoriensis,21.6
Cincloramphus whitneyi,36.0
Cinclosoma ajax,65.3
Cinclosoma alisteri,54.9
Cinclosoma castaneothorax,62.4
Cinclosoma castanotum,73.3
Cinclosoma cinnamomeum,56.1
Cinclosoma clarum,73.3
Cinclosoma marginatum,60.8
Cinclosoma punctatum,113.3
Cinclus cinclus,61.5
Cinclus leucocephalus,44.0
Cinclus mexicanus,56.7
Cinclus pallasii,76.0
Cinclus schulzii,37.6
Cinnycerthia fulva,16.5
Cinnycerthia olivascens,24.4
Cinnycerthia peruana,19.5
Cinnycerthia unirufa,29.4
Cinnyricinclus leucogaster,44.0
Cinnyris afer,11.1
Cinnyris asiaticus,8.1
Cinnyris batesi,6.3
Cinnyris bifasciatus,7.2
Cinnyris bouvieri,8.7
Cinnyris buettikoferi,9.0
Cinnyris chalcomelas,8.2
Cinnyris chalybeus,7.7
Cinnyris chloropygius,6.2
Cinnyris coccinigastrus,14.3
Cinnyris comorensis,7.8
Cinnyris congensis,17.3
Cinnyris coquerellii,7.9
Cinnyris cupreus,8.9
Cinnyris dussumieri,10.8
Cinnyris erythrocercus,8.8
Cinnyris fuelleborni,8.2
Cinnyris fuscus,7.8
Cinnyris gertrudis,9.5
Cinnyris habessinicus,9.5
Cinnyris humbloti,6.4
Cinnyris johannae,13.0
Cinnyris jugularis,9.0
Cinnyris lotenius,8.8
Cinnyris loveridgei,9.8
Cinnyris ludovicensis,8.7
Cinnyris manoensis,9.5
Cinnyris mariquensis,11.5
Cinnyris mediocris,8.2
Cinnyris minullus,5.7
Cinnyris moreaui,8.2
Cinnyris nectarinioides,4.8
Cinnyris neergaardi,6.1
Cinnyris notatus,14.6
Cinnyris osea,7.2
Cinnyris oustaleti,8.1
Cinnyris pembae,8.2
Cinnyris prigoginei,11.1
Cinnyris pulchellus,7.0
Cinnyris regius,6.6
Cinnyris reichenowi,6.8
Cinnyris rockefelleri,5.3
Cinnyris rufipennis,8.8
Cinnyris shelleyi,9.0
Cinnyris solaris,9.0
Cinnyris sovimanga,7.2
Cinnyris stuhlmanni,8.8
Cinnyris superbus,16.8
Cinnyris talatala,8.1
Cinnyris tsavoensis,6.8
Cinnyris ursulae,6.5
Cinnyris usambaricus,8.2
Cinnyris venustus,6.6
Circaetus beaudouini,1500.0
Circaetus cinerascens,1126.0
Circaetus cinereus,2048.0
Circaetus fasciolatus,1013.6
Circaetus gallicus,1699.1
Circaetus pectoralis,1500.0
Circus aeruginosus,704.1
Circus approximans,746.2
Circus assimilis,558.6
Circus buffoni,507.4
Circus cinereus,399.7
Circus cyaneus,393.0
Circus hudsonius,393.0
Circus macrosceles,663.6
Circus macrourus,384.4
Circus maillardi,663.6
Circus maurus,509.0
Circus melanoleucos,336.3
Circus pygargus,310.8
Circus ranivorus,507.0
Circus spilonotus,558.8
Circus spilothorax,558.8
Cissa chinensis,126.6
Cissa hypoleuca,125.0
Cissa jefferyi,125.0
Cissa thalassina,125.0
Cissomela pectoralis,10.1
Cissopis leverianus,76.0
Cisticola aberdare,24.0
Cisticola aberrans,14.2
Cisticola anderseni,13.1
Cisticola angusticauda,8.2
Cisticola anonymus,13.9
Cisticola aridulus,9.2
Cisticola ayresii,7.0
Cisticola bakerorum,19.6
Cisticola bodessa,17.1
Cisticola brachypterus,7.8
Cisticola brunnescens,8.0
Cisticola bulliens,15.8
Cisticola cantans,11.7
Cisticola carruthersi,11.2
Cisticola cherina,10.0
Cisticola chiniana,16.1
Cisticola chubbi,16.0
Cisticola cinereolus,17.0
Cisticola cinnamomeus,8.0
Cisticola dambo,9.0
Cisticola erythrops,14.8
Cisticola exilis,7.0
Cisticola eximius,12.0
Cisticola fulvicapilla,8.2
Cisticola galactotes,13.1
Cisticola guinea,9.3
Cisticola haematocephalus,13.1
Cisticola haesitatus,6.9
Cisticola hunteri,15.5
Cisticola juncidis,6.8
Cisticola lais,14.8
Cisticola lateralis,16.8
Cisticola luapula,13.1
Cisticola lugubris,13.1
Cisticola marginatus,13.1
Cisticola melanurus,8.7
Cisticola nana,5.0
Cisticola natalensis,16.4
Cisticola nigriloris,19.6
Cisticola njombe,10.9
Cisticola pipiens,13.5
Cisticola restrictus,13.2
Cisticola robustus,18.5
Cisticola ruficeps,9.7
Cisticola rufilatus,11.3
Cisticola rufus,7.3
Cisticola subruficapilla,9.9
Cisticola textrix,10.3
Cisticola tinniens,11.4
Cisticola troglodytes,8.2
Cisticola woosnami,13.5
Cistothorus apolinari,17.7
Cistothorus meridae,9.7
Cistothorus palustris,10.8
Cistothorus platensis,9.0
Cistothorus stellaris,9.0
Cittura cyanotis,147.0
Cladorhynchus leucocephalus,216.0
Clamator coromandus,74.6
Clamator glandarius,143.0
Clamator jacobinus,79.4
Clamator levaillantii,122.0
Clanga clanga,2154.3
Clanga hastata,1359.4
Clanga pomarina,1359.4
Clangula hyemalis,871.0
Claravis pretiosa,68.2
Cleptornis marchei,20.2
Clibanornis dendrocolaptoides,48.2
Clibanornis erythrocephalus,46.5
Clibanornis rectirostris,48.0
Clibanornis rubiginosus,39.8
Clibanornis rufipectus,39.8
Climacteris affinis,21.7
Climacteris erythrops,23.3
Climacteris melanurus,31.9
Climacteris picumnus,28.9
Climacteris rufus,32.6
Clytoceyx rex,242.0
Clytoctantes alixii,32.5
Clytoctantes atrogularis,31.0
Clytolaema rubricauda,7.9
Clytomyias insignis,12.4
Clytorhynchus hamlini,34.6
Clytorhynchus nigrogularis,55.7
Clytorhynchus pachycephaloides,26.3
Clytorhynchus sanctaecrucis,55.7
Clytorhynchus vitiensis,29.2
Clytospiza monteiri,14.9
Cnemarchus erythropygius,41.0
Cnemarchus rufipennis,34.5
Cnemathraupis aureodorsalis,85.0
Cnemathraupis eximia,62.7
Cnemophilus loriae,84.0
Cnemophilus macgregorii,97.9
Cnemoscopus rubrirostris,18.0
Cnemotriccus fuscatus,13.6
Cnipodectes subbrunneus,23.2
Cnipodectes superrufus,32.3
Coccopygia bocagei,6.5
Coccopygia melanotis,6.5
Coccopygia quartinia,6.7
Coccothraustes abeillei,48.5
Coccothraustes coccothraustes,56.6
Coccothraustes vespertinus,57.3
Coccycua cinerea,41.0
Coccycua minuta,39.3
Coccycua pumila,37.1
Coccyzus americanus,64.0
Coccyzus erythropthalmus,50.9
Coccyzus euleri,52.3
Coccyzus ferrugineus,70.0
Coccyzus lansbergi,50.3
Coccyzus longirostris,100.0
Coccyzus melacoryphus,49.7
Coccyzus merlini,169.6
Coccyzus minor,63.9
Coccyzus pluvialis,163.0
Coccyzus rufigularis,128.0
Coccyzus vetula,96.0
Coccyzus vieilloti,81.9
Cochlearius cochlearius,643.2
Cochoa azurea,111.5
Cochoa beccarii,111.5
Cochoa purpurea,103.0
Cochoa viridis,120.0
Coeligena bonapartei,6.5
Coeligena coeligena,6.8
Coeligena helianthea,6.6
Coeligena iris,6.9
Coeligena lutetiae,7.3
Coeligena orina,6.5
Coeligena phalerata,6.1
Coeligena prunellei,7.0
Coeligena torquata,6.7
Coeligena violifer,7.4
Coeligena wilsoni,6.7
Coenocorypha aucklandica,108.2
Coenocorypha huegeli,104.0
Coenocorypha pusilla,80.5
Coereba flaveola,10.0
Colaptes atricollis,76.1
Colaptes auratus,131.5
Colaptes auricularis,65.4
Colaptes campestris,158.0
Colaptes chrysoides,111.0
Colaptes fernandinae,135.0
Colaptes melanochloros,127.3
Colaptes pitius,159.0
Colaptes punctigula,62.0
Colaptes rivolii,102.0
Colaptes rubiginosus,55.8
Colaptes rupicola,174.0
Colibri coruscans,6.7
Colibri cyanotus,5.9
Colibri delphinae,6.4
Colibri serrirostris,6.7
Colibri thalassinus,5.9
Colinus cristatus,134.5
Colinus nigrogularis,129.8
Colinus virginianus,171.9
Colius castanotus,56.6
Colius colius,41.4
Colius leucocephalus,35.8
Colius striatus,51.1
Collocalia affinis,5.9
Collocalia dodgei,6.3
Collocalia esculenta,6.3
Collocalia isonota,5.9
Collocalia linchi,5.9
Collocalia marginata,5.9
Collocalia natalis,5.9
Collocalia neglecta,5.9
Collocalia sumbawae,5.9
Collocalia troglodytes,5.4
Collocalia uropygialis,5.9
Colluricincla affinis,32.3
Colluricincla boweri,43.8
Colluricincla discolor,32.3
Colluricincla fortis,32.3
Colluricincla harmonica,65.8
Colluricincla megarhyncha,32.3
Colluricincla obscura,32.3
Colluricincla rufogaster,32.3
Colluricincla tappenbecki,32.3
Colluricincla tenebrosa,46.0
Colluricincla woodwardi,54.5
Colonia colonus,18.3
Colorhamphus parvirostris,10.6
Columba albinucha,325.0
Columba albitorques,277.0
Columba argentina,330.0
Columba arquatrix,400.0
Columba bollii,308.5
Columba delegorguei,133.0
Columba elphinstonii,379.0
Columba eversmanni,202.0
Columba guinea,352.0
Columba hodgsonii,308.5
Columba iriditorques,125.9
Columba janthina,397.0
Columba junoniae,440.0
Columba larvata,155.0
Columba leucomela,420.0
Columba leuconota,284.0
Columba livia,354.2
Columba malherbii,308.5
Columba oenas,290.8
Columba oliviae,308.5
Columba pallidiceps,459.0
Columba palumboides,520.0
Columba palumbus,490.0
Columba pollenii,308.5
Columba pulchricollis,330.0
Columba punicea,434.4
Columba rupestris,245.4
Columba sjostedti,308.5
Columba thomensis,428.7
Columba torringtoniae,308.5
Columba trocaz,440.0
Columba unicincta,389.1
Columba vitiensis,353.0
Columbina buckleyi,57.5
Columbina cruziana,50.1
Columbina cyanopis,45.6
Columbina inca,47.5
Columbina minuta,32.6
Columbina passerina,35.4
Columbina picui,47.0
Columbina squammata,52.9
Columbina talpacoti,46.0
Compsothraupis loricata,72.5
Conioptilon mcilhennyi,90.0
Conirostrum albifrons,14.9
Conirostrum bicolor,10.5
Conirostrum binghami,25.0
Conirostrum cinereum,8.8
Conirostrum ferrugineiventre,11.5
Conirostrum leucogenys,7.0
Conirostrum margaritae,9.7
Conirostrum rufum,11.0
Conirostrum sitticolor,11.9
Conirostrum speciosum,8.8
Conirostrum tamarugense,10.5
Conopias albovittatus,24.4
Conopias cinchoneti,25.0
Conopias parvus,21.0
Conopias trivirgatus,21.0
Conopophaga ardesiaca,26.3
Conopophaga aurita,26.3
Conopophaga castaneiceps,27.0
Conopophaga cearae,22.0
Conopophaga lineata,25.2
Conopophaga melanogaster,42.5
Conopophaga melanops,20.1
Conopophaga peruviana,23.0
Conopophaga roberti,20.8
Conopophila albogularis,11.8
Conopophila rufogularis,10.8
Conopophila whitei,9.8
Conostoma aemodium,84.0
Conothraupis mesoleuca,15.3
Conothraupis speculigera,25.0
Contopus albogularis,9.6
Contopus caribaeus,10.5
Contopus cinereus,11.6
Contopus cooperi,32.1
Contopus fumigatus,19.9
Contopus hispaniolensis,11.7
Contopus latirostris,11.2
Contopus lugubris,21.5
Contopus nigrescens,9.5
Contopus ochraceus,23.0
Contopus pallidus,9.3
Contopus pertinax,27.2
Contopus sordidulus,13.1
Contopus virens,13.9
Copsychus albiventris,29.2
Copsychus albospecularis,22.7
Copsychus cebuensis,28.5
Copsychus fulicatus,16.6
Copsychus luzoniensis,24.0
Copsychus malabaricus,29.2
Copsychus mindanensis,32.9
Copsychus niger,28.5
Copsychus pyrropygus,40.9
Copsychus saularis,36.0
Copsychus sechellarum,70.7
Copsychus superciliaris,24.0
Coracias abyssinicus,102.0
Coracias affinis,157.5
Coracias benghalensis,157.5
Coracias caudatus,110.0
Coracias cyanogaster,142.0
Coracias garrulus,146.0
Coracias naevius,168.0
Coracias spatulatus,90.4
Coracias temminckii,153.7
Coracina atriceps,139.0
Coracina bicolor,101.0
Coracina boyeri,66.4
Coracina caeruleogrisea,138.2
Coracina caesia,47.3
Coracina caledonica,140.0
Coracina cinerea,47.2
Coracina cucullata,47.2
Coracina dobsoni,111.0
Coracina fortis,138.2
Coracina graueri,47.2
Coracina ingens,63.5
Coracina javensis,94.5
Coracina larvata,94.5
Coracina leucopygia,94.5
Coracina lineata,76.0
Coracina longicauda,101.0
Coracina macei,105.0
Coracina maxima,127.0
Coracina novaehollandiae,118.0
Coracina papuensis,63.5
Coracina pectoralis,54.4
Coracina personata,94.5
Coracina schistacea,94.5
Coracina striata,111.0
Coracina temminckii,101.0
Coracina welchmani,135.0
Coracopsis barklyi,186.2
Coracopsis nigra,186.2
Coracopsis vasa,525.0
Coracornis raveni,36.0
Coracornis sanghirensis,32.3
Coragyps atratus,1881.7
Corapipo altera,11.7
Corapipo gutturalis,8.2
Corapipo leucorrhoa,11.7
Corcorax melanorhamphos,364.0
Cormobates leucophaea,22.0
Cormobates placens,15.8
Corthylio calendula,6.2
Corvus albicollis,894.0
Corvus albus,524.0
Corvus bennetti,389.0
Corvus brachyrhynchos,448.8
Corvus capensis,553.0
Corvus corax,928.0
Corvus cornix,426.5
Corvus corone,570.0
Corvus coronoides,644.3
Corvus crassirostris,1135.0
Corvus cryptoleucus,533.5
Corvus dauuricus,208.0
Corvus edithae,524.0
Corvus enca,251.0
Corvus florensis,175.0
Corvus frugilegus,452.1
Corvus fuscicapillus,635.0
Corvus hawaiiensis,518.8
Corvus imparatus,221.0
Corvus insularis,508.0
Corvus jamaicensis,338.0
Corvus kubaryi,249.9
Corvus leucognaphalus,401.0
Corvus macrorhynchos,513.1
Corvus meeki,467.0
Corvus mellori,540.4
Corvus monedula,246.0
Corvus moneduloides,277.4
Corvus nasicus,401.0
Corvus orru,508.0
Corvus ossifragus,284.6
Corvus palmarum,289.0
Corvus pectoralis,470.5
Corvus rhipidurus,611.0
Corvus ruficollis,573.5
Corvus sinaloae,244.0
Corvus splendens,292.6
Corvus tasmanicus,676.3
Corvus tristis,635.0
Corvus typicus,175.0
Corvus unicolor,175.0
Corvus validus,300.0
Corvus violaceus,251.0
Corvus woodfordi,467.0
Corydon sumatranus,140.0
Coryphaspiza melanotis,15.7
Coryphistera alaudina,30.0
Coryphospingus cucullatus,14.3
Coryphospingus pileatus,15.3
Corythaeola cristata,965.0
Corythaixoides concolor,258.0
Corythaixoides leucogaster,216.2
Corythaixoides personatus,250.0
Corythopis delalandi,15.0
Corythopis torquatus,14.3
Corythornis cristatus,15.7
Corythornis leucogaster,14.5
Corythornis madagascariensis,17.7
Corythornis vintsioides,17.9
Coscoroba coscoroba,4294.8
Cossypha albicapillus,58.5
Cossypha anomala,24.5
Cossypha archeri,22.8
Cossypha caffra,28.5
Cossypha cyanocampter,26.7
Cossypha dichroa,45.8
Cossypha heinrichi,60.3
Cossypha heuglini,34.8
Cossypha humeralis,22.8
Cossypha isabellae,24.0
Cossypha natalensis,34.1
Cossypha niveicapilla,36.7
Cossypha polioptera,18.7
Cossypha semirufa,27.3
Cossyphicula roberti,34.0
Cotinga amabilis,71.5
Cotinga cayana,61.8
Cotinga cotinga,54.0
Cotinga maculata,65.0
Cotinga maynana,69.0
Cotinga nattererii,57.2
Cotinga ridgwayi,57.2
Coturnicops exquisitus,60.9
Coturnicops notatus,30.0
Coturnicops noveboracensis,60.9
Coturnix coromandelica,73.8
Coturnix coturnix,96.3
Coturnix delegorguei,76.0
Coturnix japonica,94.8
Coturnix pectoralis,101.9
Coua caerulea,244.0
Coua coquereli,160.0
Coua cristata,147.0
Coua cursor,110.0
Coua gigas,424.0
Coua reynaudii,153.0
Coua ruficeps,180.0
Coua serriana,293.0
Coua verreauxi,99.0
Cracticus argenteus,88.8
Cracticus cassicus,142.0
Cracticus louisiadensis,142.0
Cracticus mentalis,77.0
Cracticus nigrogularis,128.0
Cracticus quoyi,168.0
Cracticus torquatus,82.9
Cranioleuca albicapilla,21.3
Cranioleuca albiceps,17.6
Cranioleuca antisiensis,16.9
Cranioleuca curtata,17.5
Cranioleuca demissa,15.2
Cranioleuca dissita,15.7
Cranioleuca erythrops,16.9
Cranioleuca gutturata,14.9
Cranioleuca hellmayri,15.0
Cranioleuca henricae,14.9
Cranioleuca marcapatae,19.8
Cranioleuca muelleri,14.5
Cranioleuca obsoleta,13.4
Cranioleuca pallida,11.5
Cranioleuca pyrrhophia,14.9
Cranioleuca semicinerea,15.0
Cranioleuca subcristata,14.7
Cranioleuca vulpecula,18.9
Cranioleuca vulpina,15.7
Crateroscelis murina,15.0
Crateroscelis nigrorufa,15.9
Crateroscelis robusta,18.6
Crax alberti,2499.9
Crax alector,2872.0
Crax blumenbachii,3500.0
Crax daubentoni,2499.9
Crax fasciolata,2600.0
Crax globulosa,2500.0
Crax rubra,4133.0
Creagrus furcatus,687.0
Creatophora cinerea,73.0
Creurgops dentatus,19.0
Creurgops verticalis,24.0
Crex crex,154.9
Crex egregia,119.0
Crinifer piscator,370.0
Crinifer zonurus,527.0
Criniger barbatus,42.6
Criniger calurus,37.7
Criniger chloronotus,45.0
Criniger ndussumensis,23.0
Criniger olivaceus,28.1
Crithagra albogularis,27.1
Crithagra ankoberensis,14.9
Crithagra atrogularis,11.4
Crithagra buchanani,24.0
Crithagra burtoni,30.5
Crithagra canicapilla,16.0
Crithagra capistrata,13.6
Crithagra citrinelloides,13.0
Crithagra citrinipectus,11.2
Crithagra concolor,50.0
Crithagra donaldsoni,24.0
Crithagra dorsostriata,15.1
Crithagra flavigula,11.8
Crithagra flaviventris,16.2
Crithagra frontalis,12.3
Crithagra gularis,16.0
Crithagra hyposticta,13.0
Crithagra koliensis,13.6
Crithagra leucoptera,22.1
Crithagra leucopygia,10.8
Crithagra melanochroa,30.5
Crithagra menachensis,22.4
Crithagra mennelli,15.4
Crithagra mozambica,11.9
Crithagra reichardi,15.4
Crithagra reichenowi,15.4
Crithagra rothschildi,14.0
Crithagra rufobrunnea,25.9
Crithagra scotops,14.2
Crithagra striolata,22.4
Crithagra sulphurata,27.9
Crithagra symonsi,15.8
Crithagra totta,13.4
Crithagra tristriata,15.5
Crithagra whytii,22.4
Crithagra xantholaema,11.8
Crithagra xanthopygia,15.4
Crossleyia xanthophrys,19.9
Crossoptilon auritum,1768.3
Crossoptilon crossoptilon,2075.3
Crossoptilon harmani,2075.3
Crossoptilon mantchuricum,1860.9
Crotophaga ani,110.1
Crotophaga major,148.3
Crotophaga sulcirostris,82.0
Crypsirina cucullata,132.5
Crypsirina temia,129.5
Cryptillas victorini,10.0
Cryptoleucopteryx plumbea,482.0
Cryptopezus nattereri,32.0
Cryptophaps poecilorrhoa,467.0
Cryptopipo holochlora,14.9
Cryptospiza jacksoni,13.0
Cryptospiza reichenovii,12.4
Cryptospiza salvadorii,12.2
Cryptospiza shelleyi,17.6
Cryptosylvicola randrianasoloi,8.6
Crypturellus atrocapillus,453.0
Crypturellus bartletti,241.0
Crypturellus berlepschi,516.8
Crypturellus boucardi,435.6
Crypturellus brevirostris,221.0
Crypturellus casiquiare,250.0
Crypturellus cinereus,506.6
Crypturellus cinnamomeus,422.0
Crypturellus duidae,426.0
Crypturellus erythropus,485.0
Crypturellus kerriae,443.4
Crypturellus noctivagus,562.0
Crypturellus obsoletus,443.4
Crypturellus parvirostris,199.0
Crypturellus ptaritepui,443.4
Crypturellus soui,216.2
Crypturellus strigulosus,430.6
Crypturellus tataupa,218.8
Crypturellus transfasciatus,283.0
Crypturellus undulatus,564.4
Crypturellus variegatus,378.0
Cuculus canorus,111.4
Cuculus clamosus,78.8
Cuculus crassirostris,88.8
Cuculus gularis,103.0
Cuculus lepidus,87.0
Cuculus micropterus,88.8
Cuculus optatus,87.0
Cuculus poliocephalus,46.6
Cuculus rochii,62.7
Cuculus saturatus,87.0
Cuculus solitarius,76.7
Culicicapa ceylonensis,7.7
Culicicapa helianthea,8.4
Culicivora caudacuta,6.1
Curaeus curaeus,83.7
Curruca balearica,9.8
Curruca boehmi,14.0
Curruca buryi,22.0
Curruca cantillans,9.6
Curruca communis,15.1
Curruca conspicillata,9.0
Curruca crassirostris,21.9
Curruca curruca,11.4
Curruca deserti,8.7
Curruca deserticola,8.6
Curruca hortensis,21.9
Curruca iberiae,9.6
Curruca layardi,14.3
Curruca leucomelaena,13.9
Curruca lugens,14.9
Curruca melanocephala,11.7
Curruca melanothorax,11.4
Curruca mystacea,9.9
Curruca nana,8.7
Curruca nisoria,22.5
Curruca ruppeli,12.8
Curruca sarda,9.8
Curruca subalpina,9.6
Curruca subcoerulea,14.6
Curruca undata,10.8
Cursorius coromandelicus,138.0
Cursorius cursor,138.0
Cursorius rufus,75.0
Cursorius somalensis,138.0
Cursorius temminckii,69.2
Cutia legalleni,47.2
Cutia nipalensis,47.2
Cyanerpes caeruleus,12.0
Cyanerpes cyaneus,14.0
Cyanerpes lucidus,11.4
Cyanerpes nitidus,9.0
Cyanicterus cyanicterus,34.0
Cyanistes caeruleus,11.1
Cyanistes cyanus,14.6
Cyanistes teneriffae,10.0
Cyanochen cyanoptera,1520.0
Cyanocitta cristata,88.0
Cyanocitta stelleri,128.0
Cyanocompsa parellina,15.6
Cyanocorax affinis,212.0
Cyanocorax beecheii,193.0
Cyanocorax caeruleus,272.0
Cyanocorax cayanus,175.0
Cyanocorax chrysops,166.0
Cyanocorax cristatellus,178.0
Cyanocorax cyanomelas,207.0
Cyanocorax cyanopogon,146.0
Cyanocorax dickeyi,181.0
Cyanocorax heilprini,172.0
Cyanocorax melanocyaneus,101.0
Cyanocorax mystacalis,154.4
Cyanocorax sanblasianus,109.0
Cyanocorax violaceus,262.0
Cyanocorax yncas,78.5
Cyanocorax yucatanicus,118.0
Cyanoderma ambiguum,10.6
Cyanoderma chrysaeum,9.0
Cyanoderma erythropterum,12.6
Cyanoderma melanothorax,16.0
Cyanoderma pyrrhops,9.6
Cyanoderma ruficeps,10.3
Cyanoderma rufifrons,10.6
Cyanograucalus azureus,46.1
Cyanolanius madagascarinus,22.3
Cyanolimnas cerverai,175.0
Cyanoliseus patagonus,277.9
Cyanoloxia brissonii,27.5
Cyanoloxia cyanoides,32.5
Cyanoloxia glaucocaerulea,18.2
Cyanoloxia rothschildii,32.5
Cyanolyca argentigula,200.0
Cyanolyca armillata,200.0
Cyanolyca cucullata,101.3
Cyanolyca mirabilis,52.4
Cyanolyca nanus,41.0
Cyanolyca pulchra,101.3
Cyanolyca pumilo,47.0
Cyanolyca turcosa,97.5
Cyanolyca viridicyanus,119.8
Cyanomitra alinae,12.6
Cyanomitra bannermani,14.0
Cyanomitra cyanolaema,16.8
Cyanomitra olivacea,9.7
Cyanomitra oritis,11.2
Cyanomitra veroxii,11.5
Cyanomitra verticalis,14.4
Cyanopica cooki,70.4
Cyanopica cyanus,95.9
Cyanopsitta spixii,200.0
Cyanoptila cumatilis,22.5
Cyanoptila cyanomelana,22.5
Cyanoramphus auriceps,45.6
Cyanoramphus cookii,90.2
Cyanoramphus forbesi,88.5
Cyanoramphus hochstetteri,125.0
Cyanoramphus malherbi,46.7
Cyanoramphus novaezelandiae,90.2
Cyanoramphus saisseti,90.2
Cyanoramphus unicolor,149.0
Cyclarhis gujanensis,28.8
Cyclarhis nigrirostris,31.9
Cyclopsitta diophthalma,41.8
Cyclopsitta gulielmitertii,31.0
Cygnus atratus,5623.2
Cygnus buccinator,11071.1
Cygnus columbianus,6378.0
Cygnus cygnus,9350.0
Cygnus melancoryphus,4711.7
Cygnus olor,10682.0
Cymbilaimus lineatus,35.8
Cymbilaimus sanctaemariae,28.7
Cymbirhynchus macrorhynchos,59.4
Cynanthus auriceps,2.6
Cynanthus canivetii,2.6
Cynanthus doubledayi,3.1
Cynanthus forficatus,2.6
Cynanthus latirostris,3.1
Cyornis banyumas,14.5
Cyornis brunneatus,18.1
Cyornis caerulatus,17.8
Cyornis colonus,23.1
Cyornis concretus,24.5
Cyornis glaucicomans,14.2
Cyornis hainanus,14.4
Cyornis herioti,19.6
Cyornis hoevelli,20.5
Cyornis hyacinthinus,25.8
Cyornis lemprieri,21.5
Cyornis magnirostris,14.5
Cyornis montanus,14.5
Cyornis nicobaricus,18.1
Cyornis olivaceus,15.7
Cyornis omissus,18.0
Cyornis oscillans,23.9
Cyornis pallidipes,19.0
Cyornis pelingensis,23.1
Cyornis poliogenys,16.2
Cyornis rubeculoides,14.2
Cyornis ruckii,20.5
Cyornis ruficauda,17.3
Cyornis rufigastra,18.3
Cyornis sanfordi,20.5
Cyornis sumatrensis,16.2
Cyornis superbus,18.0
Cyornis tickelliae,16.2
Cyornis turcosus,16.2
Cyornis umbratilis,18.2
Cyornis unicolor,21.0
Cyornis whitei,14.5
Cyphorhinus arada,20.9
Cyphorhinus phaeocephalus,24.6
Cyphorhinus thoracicus,31.3
Cypseloides cherriei,22.1
Cypseloides cryptus,34.5
Cypseloides fumigatus,42.0
Cypseloides lemosi,28.1
Cypseloides niger,39.7
Cypseloides rothschildi,42.0
Cypseloides senex,82.3
Cypseloides storeri,39.5
Cypsiurus balasiensis,9.1
Cypsiurus gracilis,13.6
Cypsiurus parvus,13.6
Cypsnagra hirundinacea,31.4
Cyrtonyx montezumae,185.4
Cyrtonyx ocellatus,199.2
Dacelo gaudichaud,143.0
Dacelo leachii,308.0
Dacelo novaeguineae,333.8
Dacelo tyro,145.9
Dacnis albiventris,11.2
Dacnis berlepschi,12.8
Dacnis cayana,13.0
Dacnis flaviventer,13.0
Dacnis hartlaubi,11.0
Dacnis lineata,11.0
Dacnis nigripes,14.0
Dacnis venusta,16.1
Dacnis viguieri,13.0
Dactylortyx thoracicus,201.8
Daphoenositta chrysoptera,11.7
Daphoenositta miranda,16.8
Daphoenositta papuensis,11.7
Daption capense,429.6
Daptrius ater,351.8
Dasycrotapha plateni,8.7
Dasycrotapha pygmaea,8.7
Dasycrotapha speciosa,16.4
Dasylophus cumingi,170.5
Dasylophus superciliosus,123.0
Dasyornis brachypterus,41.8
Dasyornis broadbenti,67.9
Dasyornis longirostris,32.7
Deconychura longicauda,23.8
Delacourella capistrata,11.6
Deleornis axillaris,11.3
Deleornis fraseri,11.3
Delichon dasypus,18.0
Delichon nipalense,15.0
Delichon urbicum,14.5
Dendragapus fuliginosus,1047.3
Dendragapus obscurus,1047.3
Dendrexetastes rufigula,69.6
Dendrocincla anabatina,34.2
Dendrocincla fuliginosa,38.7
Dendrocincla homochroa,39.4
Dendrocincla merula,50.0
Dendrocincla turdina,39.0
Dendrocincla tyrannina,54.9
Dendrocitta bayleii,102.0
Dendrocitta cinerascens,125.0
Dendrocitta formosae,102.7
Dendrocitta frontalis,100.0
Dendrocitta leucogastra,99.2
Dendrocitta occipitalis,95.3
Dendrocitta vagabunda,100.0
Dendrocolaptes certhia,68.7
Dendrocolaptes hoffmannsi,83.0
Dendrocolaptes picumnus,76.6
Dendrocolaptes platyrostris,61.7
Dendrocolaptes sanctithomae,66.9
Dendrocopos analis,44.9
Dendrocopos assimilis,51.8
Dendrocopos atratus,46.7
Dendrocopos darjellensis,70.7
Dendrocopos himalayensis,67.7
Dendrocopos hyperythrus,46.5
Dendrocopos leucopterus,67.0
Dendrocopos leucotos,116.8
Dendrocopos macei,44.9
Dendrocopos major,74.9
Dendrocopos noguchii,200.0
Dendrocopos syriacus,76.7
Dendrocoptes auriceps,39.9
Dendrocoptes dorae,19.5
Dendrocoptes medius,59.0
Dendrocygna arborea,1150.0
Dendrocygna arcuata,796.2
Dendrocygna autumnalis,755.3
Dendrocygna bicolor,756.4
Dendrocygna eytoni,790.0
Dendrocygna guttata,800.0
Dendrocygna javanica,519.6
Dendrocygna viduata,690.0
Dendroma erythroptera,30.0
Dendroma rufa,25.0
Dendronanthus indicus,16.4
Dendroplex kienerii,45.0
Dendroplex picus,41.3
Dendrortyx barbatus,432.0
Dendrortyx leucophrys,367.4
Dendrortyx macroura,431.0
Deroptyus accipitrinus,246.0
Dicaeum aeneum,9.2
Dicaeum agile,9.0
Dicaeum annae,10.0
Dicaeum anthonyi,11.6
Dicaeum aureolimbatum,8.1
Dicaeum australe,8.7
Dicaeum bicolor,9.1
Dicaeum celebicum,6.5
Dicaeum chrysorrheum,9.0
Dicaeum concolor,6.2
Dicaeum cruentatum,5.6
Dicaeum dayakorum,8.1
Dicaeum erythrorhynchos,6.3
Dicaeum erythrothorax,8.9
Dicaeum everetti,8.5
Dicaeum eximium,7.9
Dicaeum geelvinkianum,6.8
Dicaeum haematostictum,8.8
Dicaeum hirundinaceum,9.0
Dicaeum hypoleucum,8.0
Dicaeum igniferum,8.5
Dicaeum ignipectus,5.7
Dicaeum maugei,8.5
Dicaeum melanozanthum,8.5
Dicaeum minullum,6.2
Dicaeum monticolum,8.5
Dicaeum nehrkorni,8.5
Dicaeum nigrilore,11.0
Dicaeum nitidum,8.5
Dicaeum pectorale,7.6
Dicaeum proprium,10.2
Dicaeum pygmaeum,5.0
Dicaeum quadricolor,8.5
Dicaeum retrocinctum,6.5
Dicaeum sanguinolentum,8.5
Dicaeum schistaceiceps,8.9
Dicaeum trigonostigma,7.1
Dicaeum tristrami,11.7
Dicaeum trochileum,8.5
Dicaeum vincens,8.5
Dicaeum virescens,6.2
Dicaeum vulneratum,8.9
Dichrozona cincta,16.0
Dicrurus adsimilis,40.3
Dicrurus aeneus,26.0
Dicrurus aldabranus,48.4
Dicrurus andamanensis,50.5
Dicrurus annectens,44.0
Dicrurus atactus,45.6
Dicrurus atripennis,38.9
Dicrurus balicassius,72.3
Dicrurus bracteatus,85.5
Dicrurus caerulescens,40.0
Dicrurus densus,85.5
Dicrurus divaricatus,40.3
Dicrurus forficatus,47.1
Dicrurus fuscipennis,50.5
Dicrurus hottentottus,79.2
Dicrurus leucophaeus,37.6
Dicrurus lophorinus,70.0
Dicrurus ludwigii,29.4
Dicrurus macrocercus,48.3
Dicrurus megarhynchus,130.0
Dicrurus menagei,79.2
Dicrurus modestus,45.6
Dicrurus montanus,61.0
Dicrurus occidentalis,29.4
Dicrurus paradiseus,85.8
Dicrurus remifer,43.1
Dicrurus sharpei,29.4
Dicrurus sumatranus,50.5
Dicrurus waldenii,50.5
Didunculus strigirostris,400.0
Diglossa albilatera,9.8
Diglossa baritula,9.2
Diglossa brunneiventris,12.0
Diglossa caerulescens,14.4
Diglossa carbonaria,11.0
Diglossa cyanea,17.0
Diglossa duidae,14.8
Diglossa glauca,12.0
Diglossa gloriosa,11.0
Diglossa gloriosissima,14.0
Diglossa humeralis,13.1
Diglossa indigotica,13.7
Diglossa lafresnayii,16.0
Diglossa major,22.2
Diglossa mystacalis,16.2
Diglossa plumbea,10.0
Diglossa sittoides,9.0
Diglossa venezuelensis,12.6
Dinemellia dinemelli,63.9
Dinopium benghalense,100.0
Dinopium everetti,93.8
Dinopium javanense,72.8
Dinopium psarodes,97.0
Dinopium rafflesii,102.0
Dinopium shorii,101.0
Diomedea epomophora,8905.6
Diomedea exulans,6961.3
Diopsittaca nobilis,150.9
Discosura conversii,3.0
Discosura langsdorffi,2.8
Discosura letitiae,2.8
Discosura longicaudus,3.4
Discosura popelairii,2.5
Diuca diuca,36.8
Dives dives,91.3
Dives warczewiczi,73.3
Dolichonyx oryzivorus,31.5
Doliornis remseni,63.1
Doliornis sclateri,60.2
Donacobius atricapilla,36.8
Donacospiza albifrons,16.5
Doricha eliza,2.5
Doricha enicura,2.4
Doryfera johannae,4.8
Doryfera ludovicae,6.0
Drepanis coccinea,18.2
Drepanoptila holosericea,215.0
Drepanorhynchus reichenowi,14.7
Drepanornis albertisi,110.0
Drepanornis bruijnii,153.3
Dreptes thomensis,26.2
Dromaius novaehollandiae,34093.3
Dromas ardeola,325.0
Dromococcyx pavoninus,46.4
Dromococcyx phasianellus,84.5
Drymocichla incana,10.0
Drymodes beccarii,45.9
Drymodes brunneopygia,33.0
Drymodes superciliaris,45.9
Drymophila caudata,11.9
Drymophila devillei,10.2
Drymophila ferruginea,10.6
Drymophila genei,11.4
Drymophila hellmayri,11.9
Drymophila klagesi,11.9
Drymophila malura,13.0
Drymophila ochropyga,10.5
Drymophila rubricollis,10.0
Drymophila squamata,10.8
Drymophila striaticeps,12.2
Drymornis bridgesii,92.6
Drymotoxeres pucheranii,70.5
Dryobates affinis,34.8
Dryobates albolarvatus,61.1
Dryobates arizonae,40.9
Dryobates borealis,48.0
Dryobates callonotus,26.5
Dryobates cassini,34.6
Dryobates cathpharius,30.7
Dryobates chocoensis,30.0
Dryobates dignus,37.6
Dryobates frontalis,36.7
Dryobates fumigatus,36.2
Dryobates kirkii,28.8
Dryobates lignarius,34.0
Dryobates maculifrons,38.7
Dryobates minor,19.8
Dryobates mixtus,28.7
Dryobates nigriceps,44.0
Dryobates nuttallii,37.4
Dryobates passerinus,32.1
Dryobates pubescens,25.6
Dryobates sanguineus,26.5
Dryobates scalaris,31.6
Dryobates spilogaster,40.3
Dryobates stricklandi,40.9
Dryobates villosus,62.7
Dryocopus hodgei,156.0
Dryocopus javensis,271.4
Dryocopus lineatus,183.2
Dryocopus martius,321.0
Dryocopus pileatus,286.6
Dryocopus schulzii,200.0
Dryolimnas cuvieri,182.4
Dryoscopus angolensis,36.0
Dryoscopus cubla,26.2
Dryoscopus gambensis,31.9
Dryoscopus pringlii,19.7
Dryoscopus sabini,37.1
Dryoscopus senegalensis,29.3
Dryotriorchis spectabilis,697.0
Dubusia castaneoventris,28.0
Dubusia taeniata,37.0
Ducula aenea,545.0
Ducula aurorae,507.2
Ducula badia,486.0
Ducula bakeri,394.0
Ducula basilica,507.2
Ducula bicolor,440.0
Ducula brenchleyi,380.0
Ducula carola,289.0
Ducula chalconota,502.0
Ducula cineracea,507.2
Ducula concinna,804.7
Ducula finschii,343.9
Ducula forsteni,510.0
Ducula galeata,605.0
Ducula goliath,600.0
Ducula lacernulata,150.0
Ducula latrans,365.1
Ducula luctuosa,410.0
Ducula melanochroa,665.0
Ducula mindorensis,507.2
Ducula mullerii,574.9
Ducula myristicivora,535.0
Ducula neglecta,667.0
Ducula nicobarica,545.0
Ducula oceanica,371.5
Ducula pacifica,394.2
Ducula perspicillata,667.0
Ducula pickeringii,377.0
Ducula pinon,756.0
Ducula pistrinaria,515.0
Ducula poliocephala,555.0
Ducula radiata,295.0
Ducula rosacea,385.6
Ducula rubricera,652.0
Ducula rufigaster,436.0
Ducula spilorrhoa,464.0
Ducula subflavescens,440.0
Ducula whartoni,571.2
Ducula zoeae,568.0
Dulus dominicus,48.4
Dumetella carolinensis,35.3
Dumetia atriceps,16.3
Dumetia hyperythra,12.9
Dysithamnus leucostictus,20.2
Dysithamnus mentalis,14.9
Dysithamnus occidentalis,26.4
Dysithamnus plumbeus,20.5
Dysithamnus puncticeps,14.9
Dysithamnus stictothorax,15.5
Dysithamnus striaticeps,12.0
Dysithamnus xanthopterus,16.0
Eclectus roratus,480.8
Edolisoma admiralitatis,60.9
Edolisoma ceramense,47.9
Edolisoma dispar,68.0
Edolisoma dohertyi,68.0
Edolisoma holopolium,48.9
Edolisoma incertum,58.9
Edolisoma melas,59.4
Edolisoma mindanense,58.7
Edolisoma montanum,79.2
Edolisoma morio,58.5
Edolisoma salomonis,60.9
Edolisoma schisticeps,52.8
Edolisoma sula,68.0
Edolisoma tenuirostre,60.9
Egretta ardesiaca,324.0
Egretta caerulea,338.6
Egretta eulophotes,461.8
Egretta garzetta,312.0
Egretta gularis,312.0
Egretta novaehollandiae,558.6
Egretta picata,259.0
Egretta rufescens,614.0
Egretta sacra,502.0
Egretta thula,371.0
Egretta tricolor,372.3
Egretta vinaceigula,288.0
Elachura formosa,5.0
Elaenia albiceps,15.5
Elaenia brachyptera,15.4
Elaenia chiriquensis,15.4
Elaenia cristata,18.2
Elaenia dayi,34.5
Elaenia fallax,14.4
Elaenia flavogaster,24.8
Elaenia frantzii,19.6
Elaenia gigas,31.0
Elaenia martinica,20.8
Elaenia mesoleuca,17.6
Elaenia obscura,23.9
Elaenia olivina,17.8
Elaenia pallatangae,17.8
Elaenia parvirostris,13.8
Elaenia pelzelni,27.3
Elaenia ridleyana,33.0
Elaenia ruficeps,18.7
Elaenia sordida,23.9
Elaenia spectabilis,27.3
Elaenia strepera,19.3
Elanoides forficatus,416.2
Elanus axillaris,270.1
Elanus caeruleus,259.8
Elanus leucurus,346.0
Elanus scriptus,316.0
Elaphrornis palliseri,9.0
Electron carinatum,64.9
Electron platyrhynchum,73.0
Eleoscytalopus indigoticus,16.2
Eleoscytalopus psychopompus,17.8
Eleothreptus anomalus,43.7
Eleothreptus candicans,49.3
Elliotomyia chionogaster,5.0
Elliotomyia viridicauda,6.1
Elminia albicauda,8.3
Elminia albiventris,8.9
Elminia albonotata,9.2
Elminia longicauda,9.9
Elminia nigromitrata,9.0
Elseyornis melanops,33.0
Emarginata schlegelii,23.3
Emarginata sinuata,18.1
Emarginata tractrac,20.8
Emberiza affinis,15.4
Emberiza aureola,19.6
Emberiza bruniceps,24.8
Emberiza buchanani,21.2
Emberiza cabanisi,24.9
Emberiza caesia,19.9
Emberiza calandra,48.5
Emberiza capensis,20.9
Emberiza chrysophrys,18.0
Emberiza cia,23.4
Emberiza cineracea,24.3
Emberiza cioides,21.0
Emberiza cirlus,25.6
Emberiza citrinella,29.7
Emberiza elegans,16.8
Emberiza flaviventris,18.2
Emberiza fucata,19.8
Emberiza godlewskii,19.0
Emberiza goslingi,13.0
Emberiza hortulana,19.9
Emberiza impetuani,15.1
Emberiza jankowskii,22.5
Emberiza koslowi,25.0
Emberiza lathami,21.9
Emberiza leucocephalos,28.5
Emberiza melanocephala,28.3
Emberiza pallasi,14.0
Emberiza poliopleura,15.8
Emberiza pusilla,14.6
Emberiza rustica,20.5
Emberiza rutila,17.5
Emberiza sahari,14.8
Emberiza schoeniclus,18.4
Emberiza siemsseni,20.0
Emberiza socotrana,14.4
Emberiza spodocephala,18.5
Emberiza stewarti,16.0
Emberiza striolata,14.8
Emberiza sulphurata,14.9
Emberiza tahapisi,13.0
Emberiza tristrami,18.0
Emberiza variabilis,23.8
Emberiza vincenti,20.9
Emberiza yessoensis,13.5
Emberizoides duidae,27.6
Emberizoides herbicola,27.6
Emberizoides ypiranganus,20.1
Embernagra longicauda,42.2
Embernagra platensis,45.5
Emblema pictum,10.4
Eminia lepida,20.2
Empidonax affinis,11.3
Empidonax albigularis,9.6
Empidonax alnorum,12.7
Empidonax atriceps,9.0
Empidonax difficilis,10.7
Empidonax flavescens,12.5
Empidonax flaviventris,11.8
Empidonax fulvifrons,7.9
Empidonax hammondii,10.4
Empidonax minimus,10.0
Empidonax oberholseri,10.4
Empidonax occidentalis,11.6
Empidonax traillii,13.4
Empidonax virescens,12.6
Empidonax wrightii,12.3
Empidonomus aurantioatrocristatus,33.0
Empidonomus varius,27.1
Enicognathus ferrugineus,160.0
Enicognathus leptorhynchus,193.0
Enicurus immaculatus,25.5
Enicurus leschenaulti,33.8
Enicurus maculatus,40.4
Enicurus ruficapillus,28.2
Enicurus schistaceus,31.0
Enicurus scouleri,17.8
Enicurus velatus,33.0
Enodes erythrophris,130.0
Ensifera ensifera,11.2
Entomodestes coracinus,56.0
Entomodestes leucotis,61.7
Entomyzon cyanotis,105.3
Eolophus roseicapilla,328.0
Eophona migratoria,46.9
Eophona personata,80.0
Eopsaltria australis,20.2
Eopsaltria flaviventris,13.0
Eopsaltria georgiana,19.1
Eopsaltria griseogularis,19.4
Eopsaltria pulverulenta,19.2
Eos bornea,156.0
Eos cyanogenia,167.0
Eos histrio,204.0
Eos reticulata,153.0
Eos semilarvata,94.5
Eos squamata,91.0
Ephippiorhynchus asiaticus,4100.0
Ephippiorhynchus senegalensis,6158.7
Epimachus fastosus,232.9
Epimachus meyeri,220.5
Epinecrophylla amazonica,8.7
Epinecrophylla erythrura,11.4
Epinecrophylla fulviventris,10.4
Epinecrophylla gutturalis,9.2
Epinecrophylla haematonota,8.7
Epinecrophylla leucophthalma,9.4
Epinecrophylla ornata,9.4
Epinecrophylla spodionota,10.7
Epthianura albifrons,13.3
Epthianura aurifrons,10.5
Epthianura crocea,9.3
Epthianura tricolor,10.7
Eremalauda dunni,20.5
Eremalauda eremodites,20.5
Eremomela atricollis,10.2
Eremomela badiceps,10.6
Eremomela canescens,6.9
Eremomela flavicrissalis,4.5
Eremomela gregalis,6.8
Eremomela icteropygialis,7.5
Eremomela pusilla,6.2
Eremomela salvadorii,7.5
Eremomela scotops,9.0
Eremomela turneri,7.3
Eremomela usticollis,8.4
Eremophila alpestris,33.3
Eremophila bilopha,38.5
Eremopterix australis,14.2
Eremopterix griseus,16.0
Eremopterix hova,18.9
Eremopterix leucopareia,14.5
Eremopterix leucotis,16.4
Eremopterix nigriceps,13.9
Eremopterix signatus,15.7
Eremopterix verticalis,17.0
Eriocnemis aline,4.2
Eriocnemis cupreoventris,5.3
Eriocnemis derbyi,5.5
Eriocnemis glaucopoides,3.7
Eriocnemis godini,5.1
Eriocnemis isabellae,4.5
Eriocnemis luciani,6.0
Eriocnemis mirabilis,5.1
Eriocnemis mosquera,5.3
Eriocnemis nigrivestis,8.5
Eriocnemis vestita,4.5
Erithacus rubecula,17.7
Erpornis zantholeuca,11.8
Erythrocercus holochlorus,6.0
Erythrocercus livingstonei,5.9
Erythrocercus mccallii,7.2
Erythrogenys erythrocnemis,58.2
Erythrogenys erythrogenys,54.9
Erythrogenys gravivox,58.2
Erythrogenys hypoleucos,75.6
Erythrogenys mcclellandi,58.2
Erythrogenys swinhoei,58.2
Erythrogonys cinctus,51.4
Erythropitta arquata,54.0
Erythropitta caeruleitorques,72.4
Erythropitta celebensis,72.4
Erythropitta dohertyi,72.4
Erythropitta erythrogaster,72.4
Erythropitta gazellae,72.4
Erythropitta granatina,61.5
Erythropitta kochi,116.0
Erythropitta macklotii,72.4
Erythropitta meeki,72.4
Erythropitta novaehibernicae,72.4
Erythropitta palliceps,72.4
Erythropitta rubrinucha,72.4
Erythropitta rufiventris,72.4
Erythropitta splendida,72.4
Erythropitta ussheri,55.3
Erythropitta venusta,61.5
Erythrotriorchis buergersi,575.0
Erythrotriorchis radiatus,887.4
Erythrura coloria,11.3
Erythrura cyaneovirens,13.0
Erythrura hyperythra,11.0
Erythrura kleinschmidti,21.0
Erythrura papuana,19.4
Erythrura pealii,12.0
Erythrura prasina,14.7
Erythrura psittacea,11.5
Erythrura regia,13.2
Erythrura trichroa,14.4
Erythrura tricolor,11.0
Erythrura viridifacies,12.6
Esacus magnirostris,1015.9
Esacus recurvirostris,790.0
Estrilda astrild,8.3
Estrilda atricapilla,7.8
Estrilda kandti,8.0
Estrilda melpoda,7.6
Estrilda nigriloris,7.5
Estrilda nonnula,7.7
Estrilda paludicola,7.6
Estrilda poliopareia,7.5
Estrilda rhodopyga,7.7
Estrilda rufibarba,8.5
Estrilda troglodytes,7.6
Eubucco bourcierii,37.0
Eubucco richardsoni,33.9
Eubucco tucinkae,41.7
Eubucco versicolor,32.8
Euchrepomis callinota,7.0
Euchrepomis humeralis,7.3
Euchrepomis sharpei,7.5
Euchrepomis spodioptila,6.5
Eucometis penicillata,27.0
Eudocimus albus,889.7
Eudocimus ruber,660.1
Eudromia elegans,702.9
Eudromia formosa,772.9
Eudynamys melanorhynchus,202.0
Eudynamys orientalis,194.9
Eudynamys scolopaceus,194.9
Eudyptes chrysocome,2327.9
Eudyptes chrysolophus,4485.1
Eudyptes moseleyi,2327.9
Eudyptes pachyrhynchus,3904.9
Eudyptes robustus,3038.0
Eudyptes schlegeli,4242.6
Eudyptes sclateri,5889.0
Eudyptula minor,1107.8
Eugenes fulgens,8.0
Eugenes spectabilis,8.0
Eugerygone rubra,8.4
Eugralla paradoxa,44.0
Eulacestoma nigropectus,20.0
Eulampis holosericeus,5.7
Eulampis jugularis,8.9
Eulidia yarrellii,2.5
Eulipoa wallacei,505.0
Eumomota superciliosa,62.5
Eumyias additus,22.5
Eumyias albicaudatus,16.4
Eumyias indigo,23.1
Eumyias panayensis,20.0
Eumyias sordidus,25.1
Eumyias thalassinus,18.1
Euneornis campestris,16.0
Eunymphicus cornutus,130.0
Eunymphicus uvaeensis,130.0
Euodice cantans,12.0
Euodice malabarica,12.0
Eupetes macrocerus,69.0
Eupetomena cirrochloris,7.7
Eupetomena macroura,9.0
Euphagus carolinus,59.6
Euphagus cyanocephalus,62.5
Eupherusa cyanophrys,4.8
Eupherusa eximia,4.3
Eupherusa nigriventris,3.5
Eupherusa poliocerca,4.8
Eupherusa ridgwayi,3.8
Euphonia affinis,10.0
Euphonia anneae,14.9
Euphonia cayennensis,14.3
Euphonia chalybea,19.0
Euphonia chlorotica,11.0
Euphonia chrysopasta,14.0
Euphonia concinna,10.3
Euphonia finschi,10.5
Euphonia fulvicrissa,11.0
Euphonia godmani,10.0
Euphonia gouldi,14.0
Euphonia hirundinacea,14.0
Euphonia imitans,14.0
Euphonia jamaica,16.6
Euphonia laniirostris,15.0
Euphonia luteicapilla,13.0
Euphonia mesochrysa,13.0
Euphonia minuta,10.0
Euphonia pectoralis,14.4
Euphonia plumbea,8.9
Euphonia rufiventris,14.0
Euphonia saturata,13.3
Euphonia trinitatis,11.0
Euphonia violacea,15.0
Euphonia xanthogaster,13.0
Euplectes afer,14.3
Euplectes albonotatus,21.1
Euplectes ardens,19.0
Euplectes aureus,25.0
Euplectes axillaris,25.1
Euplectes capensis,30.5
Euplectes diadematus,13.9
Euplectes franciscanus,16.0
Euplectes gierowii,28.3
Euplectes hartlaubi,35.5
Euplectes hordeaceus,19.4
Euplectes jacksoni,37.0
Euplectes macroura,21.7
Euplectes nigroventris,12.5
Euplectes orix,23.0
Euplectes progne,35.1
Euplectes psammacromius,35.5
Eupodotis afra,690.0
Eupodotis afraoides,745.0
Eupodotis caerulescens,1366.0
Eupodotis gindiana,782.3
Eupodotis humilis,698.0
Eupodotis rueppelii,1107.0
Eupodotis ruficrista,712.1
Eupodotis savilei,712.1
Eupodotis senegalensis,585.0
Eupodotis vigorsii,1700.0
Eupsittula aurea,84.6
Eupsittula cactorum,82.5
Eupsittula canicularis,85.0
Eupsittula nana,76.9
Eupsittula pertinax,84.0
Euptilotis neoxenus,122.3
Eurillas ansorgei,18.7
Eurillas curvirostris,24.9
Eurillas gracilis,21.6
Eurillas latirostris,26.2
Eurillas virens,26.6
Eurocephalus anguitimens,69.0
Eurocephalus ruppelli,50.6
Eurostopodus archboldi,77.0
Eurostopodus argus,93.4
Eurostopodus diabolicus,104.4
Eurostopodus exul,77.0
Eurostopodus mystacalis,134.5
Eurostopodus nigripennis,134.5
Eurostopodus papuensis,80.5
Euryceros prevostii,96.9
Eurylaimus javanicus,78.2
Eurylaimus ochromalus,33.3
Euryptila subcinnamomea,11.5
Eurypyga helias,210.0
Eurystomus azureus,122.8
Eurystomus glaucurus,110.0
Eurystomus gularis,96.3
Eurystomus orientalis,143.0
Euscarthmus fulviceps,6.8
Euscarthmus meloryphus,6.8
Euscarthmus rufomarginatus,6.0
Euschistospiza cinereovinacea,12.0
Euschistospiza dybowskii,13.4
Eutoxeres aquila,10.6
Eutoxeres condamini,10.8
Eutrichomyias rowleyi,19.0
Eutriorchis astur,700.0
Falcipennis falcipennis,685.6
Falco alopex,273.9
Falco amurensis,141.9
Falco araeus,79.8
Falco ardosiaceus,234.2
Falco berigora,587.0
Falco biarmicus,606.1
Falco cenchroides,170.5
Falco cherrug,961.2
Falco chicquera,208.0
Falco columbarius,188.5
Falco concolor,250.0
Falco cuvierii,182.2
Falco deiroleucus,459.6
Falco dickinsoni,209.0
Falco eleonorae,390.0
Falco fasciinucha,254.7
Falco femoralis,335.8
Falco hypoleucos,457.2
Falco jugger,755.0
Falco longipennis,249.8
Falco mexicanus,713.1
Falco moluccensis,162.0
Falco naumanni,152.1
Falco newtoni,123.4
Falco novaeseelandiae,418.6
Falco peregrinus,760.0
Falco punctatus,167.4
Falco rufigularis,163.6
Falco rupicoloides,261.0
Falco rupicolus,183.2
Falco rusticolus,1431.7
Falco severus,200.6
Falco sparverius,114.6
Falco subbuteo,208.2
Falco subniger,776.0
Falco tinnunculus,183.2
Falco vespertinus,151.5
Falco zoniventris,174.0
Falculea palliata,111.0
Falcunculus frontatus,27.9
Ferminia cerverai,26.0
Ficedula albicilla,10.8
Ficedula albicollis,12.7
Ficedula basilanica,13.5
Ficedula bonthaina,12.1
Ficedula buruensis,14.5
Ficedula crypta,11.5
Ficedula disposita,12.1
Ficedula dumetoria,9.4
Ficedula elisae,13.1
Ficedula erithacus,10.0
Ficedula harterti,12.1
Ficedula henrici,14.5
Ficedula hodgsoni,10.0
Ficedula hyperythra,8.2
Ficedula hypoleuca,13.8
Ficedula luzoniensis,8.2
Ficedula mugimaki,11.7
Ficedula narcissina,13.1
Ficedula nigrorufa,9.4
Ficedula owstoni,13.1
Ficedula parva,10.8
Ficedula platenae,12.1
Ficedula riedeli,9.4
Ficedula ruficauda,13.3
Ficedula rufigula,11.6
Ficedula sapphira,7.8
Ficedula semitorquata,14.4
Ficedula speculigera,13.8
Ficedula strophiata,12.8
Ficedula subrubra,10.4
Ficedula superciliaris,8.0
Ficedula timorensis,12.1
Ficedula tricolor,8.3
Ficedula westermanni,7.8
Ficedula zanthopygia,12.1
Florisuga fusca,8.0
Florisuga mellivora,7.4
Fluvicola albiventer,11.6
Fluvicola nengeta,21.0
Fluvicola pica,12.3
Formicarius analis,62.2
Formicarius colma,47.0
Formicarius moniliger,61.9
Formicarius nigricapillus,56.2
Formicarius rufifrons,55.5
Formicarius rufipectus,74.4
Formicivora acutirostris,10.0
Formicivora erythronotos,10.3
Formicivora grantsaui,10.0
Formicivora grisea,10.4
Formicivora iheringi,8.2
Formicivora littoralis,11.4
Formicivora melanogaster,10.5
Formicivora rufa,10.8
Formicivora serrana,11.4
Forpus coelestis,26.1
Forpus conspicillatus,26.4
Forpus crassirostris,31.0
Forpus cyanopygius,33.5
Forpus modestus,27.2
Forpus passerinus,23.0
Forpus spengeli,31.0
Forpus xanthops,35.0
Forpus xanthopterygius,31.0
Foudia aldabrana,24.5
Foudia eminentissima,24.5
Foudia flavicans,15.3
Foudia madagascariensis,16.6
Foudia omissa,18.9
Foudia rubra,17.7
Foudia sechellarum,17.1
Foulehaio carunculatus,37.0
Foulehaio procerior,37.0
Foulehaio taviunensis,37.0
Francolinus francolinus,452.1
Francolinus pictus,286.8
Francolinus pintadeanus,310.0
Fraseria caerulescens,17.6
Fraseria cinerascens,23.1
Fraseria griseigularis,12.6
Fraseria lendu,17.7
Fraseria ocreata,35.5
Fraseria olivascens,15.4
Fraseria plumbea,12.8
Fraseria tessmanni,17.7
Fratercula arctica,593.0
Fratercula cirrhata,774.4
Fratercula corniculata,536.1
Frederickena fulva,83.0
Frederickena unduliger,83.0
Frederickena viridis,76.0
Fregata andrewsi,1473.1
Fregata aquila,1620.0
Fregata ariel,804.3
Fregata magnificens,1490.5
Fregata minor,1274.7
Fregetta grallaria,50.6
Fregetta maoriana,34.5
Fregetta tropica,52.0
Fringilla coelebs,23.8
Fringilla montifringilla,23.2
Fringilla polatzeki,30.3
Fringilla teydea,30.3
Fulica alai,459.0
Fulica americana,636.7
Fulica ardesiaca,988.0
Fulica armillata,1040.0
Fulica atra,717.1
Fulica cornuta,2110.4
Fulica cristata,826.0
Fulica gigantea,2442.7
Fulica leucoptera,656.0
Fulica rufifrons,644.0
Fulmarus glacialis,611.9
Fulmarus glacialoides,793.4
Fulvetta cinereiceps,10.0
Fulvetta danisi,11.0
Fulvetta formosana,10.0
Fulvetta ludlowi,10.5
Fulvetta manipurensis,10.0
Fulvetta ruficapilla,9.0
Fulvetta striaticollis,13.2
Fulvetta vinipectus,12.0
Furnarius cristatus,25.5
Furnarius figulus,28.0
Furnarius leucopus,54.8
Furnarius minor,25.8
Furnarius rufus,46.4
Furnarius torridus,52.3
Gactornis enarratus,52.8
Galbalcyrhynchus leucotis,46.9
Galbalcyrhynchus purusianus,50.0
Galbula albirostris,22.1
Galbula chalcothorax,23.9
Galbula cyanescens,25.3
Galbula cyanicollis,23.2
Galbula dea,27.4
Galbula galbula,23.0
Galbula leucogastra,15.9
Galbula pastazae,31.8
Galbula ruficauda,26.5
Galbula tombacea,23.2
Galerida cristata,42.7
Galerida deva,19.9
Galerida macrorhyncha,42.7
Galerida magnirostris,41.6
Galerida malabarica,38.2
Galerida modesta,20.2
Galerida theklae,38.2
Gallicolumba crinigera,192.2
Gallicolumba keayi,190.5
Gallicolumba luzonica,196.0
Gallicolumba menagei,196.0
Gallicolumba platenae,196.0
Gallicolumba rufigula,130.0
Gallicolumba tristigmata,275.0
Gallicrex cinerea,390.4
Gallinago andina,109.4
Gallinago delicata,112.9
Gallinago gallinago,112.9
Gallinago hardwickii,151.3
Gallinago imperialis,252.0
Gallinago jamesoni,166.0
Gallinago macrodactyla,216.0
Gallinago magellanica,109.4
Gallinago media,170.0
Gallinago megala,121.0
Gallinago nemoricola,167.7
Gallinago nigripennis,112.0
Gallinago nobilis,192.4
Gallinago paraguaiae,109.4
Gallinago solitaria,140.1
Gallinago stenura,113.0
Gallinago stricklandii,252.0
Gallinago undulata,312.4
Gallinula chloropus,339.6
Gallinula comeri,513.0
Gallinula galeata,339.6
Gallinula silvestris,450.0
Gallinula tenebrosa,530.1
Gallirallus australis,875.7
Gallirallus calayanensis,244.0
Gallirallus castaneoventris,684.5
Gallirallus insignis,353.1
Gallirallus okinawae,433.0
Gallirallus owstoni,226.0
Gallirallus philippensis,205.9
Gallirallus rovianae,353.1
Gallirallus sylvestris,494.4
Gallirallus torquatus,280.0
Gallirallus wallacii,1000.0
Gallirallus woodfordi,553.2
Galloperdix bicalcarata,290.9
Galloperdix lunulata,254.4
Galloperdix spadicea,359.1
Gallus gallus,751.7
Gallus lafayettii,825.0
Gallus sonneratii,840.8
Gallus varius,839.3
Gampsonyx swainsonii,92.9
Gampsorhynchus rufulus,37.0
Gampsorhynchus torquatus,37.0
Garrodia nereis,38.2
Garrulax annamensis,78.8
Garrulax bicolor,123.4
Garrulax canorus,62.8
Garrulax castanotis,97.5
Garrulax ferrarius,131.5
Garrulax leucolophus,123.4
Garrulax maesi,112.5
Garrulax merulinus,78.8
Garrulax milleti,112.5
Garrulax monileger,83.7
Garrulax palliatus,70.0
Garrulax rufifrons,101.5
Garrulax strepitans,131.5
Garrulax taewanus,62.8
Garrulus glandarius,159.5
Garrulus lanceolatus,97.7
Garrulus lidthi,125.0
Gavia adamsii,4944.3
Gavia arctica,2251.1
Gavia immer,4956.8
Gavia pacifica,2251.1
Gavia stellata,1486.0
Gavicalis fasciogularis,26.8
Gavicalis versicolor,36.7
Gavicalis virescens,23.3
Gecinulus grantia,76.0
Gecinulus viridis,69.2
Gelochelidon nilotica,218.3
Geocerthia serrana,48.7
Geococcyx californianus,376.0
Geococcyx velox,179.9
Geocolaptes olivaceus,120.0
Geoffroyus geoffroyi,164.0
Geoffroyus heteroclitus,170.0
Geoffroyus simplex,161.0
Geokichla camaronensis,44.0
Geokichla cinerea,63.0
Geokichla citrina,53.3
Geokichla crossleyi,72.0
Geokichla dohertyi,56.3
Geokichla dumasi,49.5
Geokichla erythronota,56.3
Geokichla gurneyi,57.9
Geokichla guttata,57.5
Geokichla interpres,81.9
Geokichla joiceyi,49.5
Geokichla leucolaema,49.5
Geokichla mendeni,56.3
Geokichla oberlaenderi,43.4
Geokichla peronii,49.5
Geokichla piaggiae,51.1
Geokichla princei,65.4
Geokichla schistacea,49.5
Geokichla sibirica,75.5
Geokichla spiloptera,70.0
Geokichla wardii,58.6
Geopelia cuneata,31.6
Geopelia humeralis,128.4
Geopelia maugeus,56.6
Geopelia placida,47.8
Geopelia striata,56.6
Geophaps plumifera,94.3
Geophaps scripta,221.4
Geophaps smithii,194.0
Geositta antarctica,36.9
Geositta crassirostris,55.8
Geositta cunicularia,28.5
Geositta isabellina,42.7
Geositta maritima,16.5
Geositta peruviana,20.8
Geositta poeciloptera,18.0
Geositta punensis,25.8
Geositta rufipennis,32.4
Geositta saxicolina,32.9
Geositta tenuirostris,32.2
Geospiza acutirostris,12.3
Geospiza conirostris,27.6
Geospiza difficilis,12.3
Geospiza fortis,24.0
Geospiza fuliginosa,14.5
Geospiza magnirostris,34.5
Geospiza propinqua,27.6
Geospiza scandens,22.7
Geospiza septentrionalis,12.3
Geospizopsis plebejus,14.7
Geospizopsis unicolor,21.9
Geothlypis aequinoctialis,13.1
Geothlypis beldingi,15.7
Geothlypis flavovelata,10.9
Geothlypis formosa,14.0
Geothlypis nelsoni,11.0
Geothlypis philadelphia,11.7
Geothlypis poliocephala,14.6
Geothlypis rostrata,16.1
Geothlypis semiflava,17.2
Geothlypis speciosa,10.8
Geothlypis tolmiei,10.4
Geothlypis trichas,9.5
Geotrygon caniceps,192.0
Geotrygon chrysia,169.0
Geotrygon leucometopia,192.0
Geotrygon montana,133.9
Geotrygon mystacea,211.0
Geotrygon purpurata,129.0
Geotrygon saphirina,203.0
Geotrygon versicolor,225.0
Geotrygon violacea,95.2
Geranoaetus albicaudatus,885.0
Geranoaetus melanoleucus,2378.6
Geranoaetus polyosoma,782.6
Geranospiza caerulescens,302.5
Geronticus calvus,1202.0
Geronticus eremita,1202.0
Gerygone albofrontata,10.3
Gerygone chloronota,6.6
Gerygone chrysogaster,8.0
Gerygone dorsalis,7.2
Gerygone flavolateralis,6.3
Gerygone fusca,5.4
Gerygone hypoxantha,7.2
Gerygone igata,6.4
Gerygone inornata,7.2
Gerygone levigaster,6.2
Gerygone magnirostris,6.8
Gerygone modesta,7.5
Gerygone mouki,5.2
Gerygone olivacea,6.7
Gerygone palpebrosa,7.4
Gerygone ruficollis,7.0
Gerygone sulphurea,5.6
Gerygone tenebrosa,7.7
Glareola cinerea,37.4
Glareola lactea,39.8
Glareola maldivarum,75.2
Glareola nordmanni,97.2
Glareola nuchalis,62.7
Glareola ocularis,91.9
Glareola pratincola,84.9
Glaucestrilda caerulescens,9.4
Glaucestrilda perreini,7.4
Glaucestrilda thomensis,7.6
Glaucidium albertinum,73.0
Glaucidium bolivianum,63.0
Glaucidium brasilianum,63.3
Glaucidium capense,122.0
Glaucidium castaneum,100.0
Glaucidium castanopterum,198.2
Glaucidium castanotum,100.0
Glaucidium costaricanum,66.0
Glaucidium cuculoides,198.2
Glaucidium gnoma,61.3
Glaucidium griseiceps,50.6
Glaucidium hardyi,58.3
Glaucidium jardinii,66.9
Glaucidium minutissimum,50.0
Glaucidium mooreorum,51.0
Glaucidium nana,73.7
Glaucidium nubicola,77.5
Glaucidium palmarum,45.7
Glaucidium parkeri,61.4
Glaucidium passerinum,57.9
Glaucidium perlatum,79.2
Glaucidium peruanum,62.4
Glaucidium radiatum,101.0
Glaucidium sanchezi,55.0
Glaucidium siju,69.5
Glaucidium sjostedti,139.0
Glaucidium tephronotum,87.4
Glaucis aeneus,4.8
Glaucis dohrnii,5.8
Glaucis hirsutus,6.8
Gliciphila melanops,18.2
Gliciphila notabilis,27.1
Gliciphila undulata,16.0
Glossopsitta concinna,70.5
Glossoptila goldiei,58.7
Glycichaera fallax,11.2
Glyphorynchus spirurus,14.6
Gnorimopsar chopi,65.9
Goldmania bella,3.4
Goldmania violiceps,4.1
Goodfellowia miranda,110.0
Gorsachius goisagi,527.0
Gorsachius leuconotus,440.0
Gorsachius magnificus,480.3
Gorsachius melanolophus,412.3
Goura cristata,2000.0
Goura scheepmakeri,2235.0
Goura sclaterii,2235.0
Goura victoria,2384.0
Gracula enganensis,192.0
Gracula indica,192.0
Gracula ptilogenys,192.0
Gracula religiosa,192.0
Gracula robusta,192.0
Gracupica contra,84.0
Gracupica nigricollis,156.9
Grafisia torquata,64.0
Grallaria albigula,95.0
Grallaria alleni,70.5
Grallaria alvarezi,35.7
Grallaria andicolus,56.3
Grallaria ayacuchensis,42.3
Grallaria bangsi,62.0
Grallaria blakei,42.3
Grallaria cajamarcae,35.7
Grallaria capitalis,73.7
Grallaria carrikeri,109.1
Grallaria centralis,42.3
Grallaria chthonia,94.2
Grallaria cochabambae,35.7
Grallaria dignissima,110.0
Grallaria eludens,115.0
Grallaria erythroleuca,80.0
Grallaria erythrotis,57.0
Grallaria excelsa,240.8
Grallaria flavotincta,63.0
Grallaria gigantea,236.0
Grallaria gravesi,35.7
Grallaria griseonucha,44.8
Grallaria guatimalensis,94.2
Grallaria haplonota,85.0
Grallaria hypoleuca,73.7
Grallaria kaestneri,47.5
Grallaria milleri,52.5
Grallaria nuchalis,117.0
Grallaria obscura,35.7
Grallaria occabambae,35.7
Grallaria oneilli,35.7
Grallaria przewalskii,65.2
Grallaria quitensis,65.7
Grallaria ridgelyi,179.5
Grallaria ruficapilla,82.7
Grallaria rufocinerea,44.8
Grallaria rufula,35.7
Grallaria saltuensis,35.7
Grallaria saturata,35.7
Grallaria sinaensis,35.7
Grallaria spatiator,35.7
Grallaria squamigera,136.0
Grallaria urraoensis,55.8
Grallaria varia,119.0
Grallaria watkinsi,69.8
Grallaricula cucullata,19.3
Grallaricula cumanensis,19.8
Grallaricula ferrugineipectus,17.2
Grallaricula flavirostris,17.7
Grallaricula leymebambae,17.2
Grallaricula lineifrons,21.1
Grallaricula loricata,20.7
Grallaricula nana,19.8
Grallaricula ochraceifrons,23.1
Grallaricula peruviana,18.8
Grallina bruijnii,38.4
Grallina cyanoleuca,82.6
Graminicola bengalensis,14.6
Graminicola striatus,14.6
Grammatoptila striata,92.0
Granatellus pelzelni,11.2
Granatellus sallaei,9.9
Granatellus venustus,10.8
Granatina granatina,11.8
Granatina ianthinogaster,14.1
Grandala coelicolor,45.6
Grantiella picta,21.5
Graueria vittata,15.5
Graydidascalus brachyurus,159.0
Grus americana,5826.0
Grus grus,5500.0
Grus japonensis,8786.0
Grus monacha,3729.9
Grus nigricollis,6000.0
Guadalcanaria inexpectata,43.3
Guaruba guarouba,194.0
Gubernatrix cristata,47.6
Gubernetes yetapa,68.4
Guira guira,141.0
Gulosus aristotelis,1764.3
Guttera plumifera,866.0
Guttera pucherani,1149.0
Guyramemua affine,22.8
Gygis alba,117.0
Gymnasio nudipes,137.3
Gymnobucco bonapartei,63.0
Gymnobucco calvus,54.5
Gymnobucco peli,52.0
Gymnobucco sladeni,45.0
Gymnocichla nudiceps,30.5
Gymnocrex plumbeiventris,288.0
Gymnocrex rosenbergii,288.0
Gymnocrex talaudensis,288.0
Gymnoderus foetidus,275.5
Gymnogyps californianus,8442.7
Gymnomystax mexicanus,98.0
Gymnomyza aubryana,195.1
Gymnomyza brunneirostris,87.8
Gymnomyza samoensis,99.0
Gymnomyza viridis,87.8
Gymnophaps albertisii,259.0
Gymnophaps mada,334.0
Gymnophaps solomonensis,335.0
Gymnophaps stalkeri,334.0
Gymnopithys bicolor,31.1
Gymnopithys leucaspis,27.2
Gymnopithys rufigula,29.1
Gymnorhina tibicen,284.9
Gymnorhinus cyanocephalus,104.8
Gymnoris dentata,18.4
Gymnoris pyrgita,24.1
Gymnoris superciliaris,24.0
Gymnoris xanthocollis,18.1
Gypaetus barbatus,5695.0
Gypohierax angolensis,1600.0
Gyps africanus,5433.0
Gyps bengalensis,4385.0
Gyps coprotheres,8177.0
Gyps fulvus,7436.0
Gyps himalayensis,9798.0
Gyps indicus,5515.0
Gyps rueppelli,7400.0
Gyps tenuirostris,5515.0
Gypsophila annamensis,27.0
Gypsophila brevicaudata,19.5
Gypsophila calcicola,27.0
Gypsophila crassa,26.8
Gypsophila crispifrons,27.0
Gypsophila rufipectus,37.0
Habia atrimaxillaris,48.9
Habia cristata,46.5
Habia fuscicauda,36.8
Habia gutturalis,36.4
Habia rubica,32.5
Haematoderus militaris,227.0
Haematopus ater,724.0
Haematopus bachmani,582.0
Haematopus chathamensis,598.7
Haematopus finschi,526.0
Haematopus fuliginosus,819.0
Haematopus leucopodus,618.0
Haematopus longirostris,613.9
Haematopus moquini,692.0
Haematopus ostralegus,526.0
Haematopus palliatus,601.5
Haematopus unicolor,671.0
Haematortyx sanguiniceps,300.0
Haemorhous cassinii,26.5
Haemorhous mexicanus,21.4
Haemorhous purpureus,23.3
Hafferia fortis,45.9
Hafferia immaculata,47.1
Hafferia zeledoni,47.1
Halcyon albiventris,65.1
Halcyon badia,57.9
Halcyon chelicuti,43.2
Halcyon coromanda,77.5
Halcyon cyanoventris,93.0
Halcyon gularis,91.4
Halcyon leucocephala,41.8
Halcyon malimbica,91.8
Halcyon pileata,84.0
Halcyon senegalensis,73.4
Halcyon senegaloides,61.8
Halcyon smyrnensis,91.4
Haliaeetus albicilla,4729.3
Haliaeetus humilis,782.0
Haliaeetus ichthyaetus,1590.0
Haliaeetus leucocephalus,4700.6
Haliaeetus leucogaster,2827.0
Haliaeetus leucoryphus,2885.9
Haliaeetus pelagicus,7757.0
Haliaeetus sanfordi,1980.0
Haliaeetus vocifer,3400.0
Haliaeetus vociferoides,3000.0
Haliastur indus,529.0
Haliastur sphenurus,753.0
Halobaena caerulea,202.0
Hamirostra melanosternon,1196.0
Hapalocrex flaviventer,24.9
Hapalopsittaca amazonina,106.0
Hapalopsittaca fuertesi,124.0
Hapalopsittaca melanotis,158.0
Hapalopsittaca pyrrhops,103.0
Hapaloptila castanea,80.6
Haplophaedia assimilis,4.8
Haplophaedia aureliae,5.2
Haplophaedia lugens,6.9
Haplospiza unicolor,15.3
Harpactes ardens,96.3
Harpactes diardii,98.3
Harpactes duvaucelii,38.9
Harpactes erythrocephalus,80.3
Harpactes fasciatus,62.0
Harpactes kasumba,96.9
Harpactes mackloti,118.0
Harpactes oreskios,57.3
Harpactes orrhophaeus,52.8
Harpactes reinwardtii,118.0
Harpactes wardi,119.0
Harpactes whiteheadi,73.0
Harpagus bidentatus,215.3
Harpagus diodon,200.0
Harpia harpyja,4800.0
Harpyopsis novaeguineae,1959.6
Hartertula flavoviridis,9.7
Hartlaubius auratus,40.5
Hedydipna collaris,7.0
Hedydipna metallica,7.2
Hedydipna pallidigaster,6.8
Hedydipna platura,6.7
Heinrichia calligyna,26.8
Heleia crassirostris,19.0
Heleia dohertyi,20.0
Heleia goodfellowi,20.0
Heleia javanica,20.0
Heleia muelleri,16.7
Heleia pinaiae,27.4
Heleia squamiceps,14.5
Heleia squamifrons,6.9
Heleia superciliaris,20.0
Heleia wallacei,11.0
Heliactin bilophus,4.4
Heliangelus amethysticollis,5.0
Heliangelus exortis,4.6
Heliangelus mavors,4.2
Heliangelus micraster,3.9
Heliangelus regalis,3.6
Heliangelus strophianus,5.5
Heliangelus viola,5.4
Helicolestes hamatus,425.5
Heliobletus contaminatus,14.0
Heliodoxa aurescens,6.4
Heliodoxa branickii,5.2
Heliodoxa gularis,6.3
Heliodoxa imperatrix,8.8
Heliodoxa jacula,8.1
Heliodoxa leadbeateri,7.4
Heliodoxa rubinoides,7.8
Heliodoxa schreibersii,9.2
Heliodoxa xanthogonys,7.0
Heliomaster constantii,7.3
Heliomaster furcifer,5.4
Heliomaster longirostris,6.6
Heliomaster squamosus,5.9
Heliopais personatus,510.0
Heliornis fulica,132.0
Heliothryx auritus,5.4
Heliothryx barroti,5.5
Hellmayrea gularis,12.4
Helmitheros vermivorum,14.2
Helopsaltes amnicola,27.1
Helopsaltes certhiola,14.4
Helopsaltes fasciolatus,27.1
Helopsaltes ochotensis,18.5
Helopsaltes pleskei,20.0
Helopsaltes pryeri,14.2
Hemicircus canente,43.0
Hemicircus concretus,29.4
Hemignathus affinis,24.9
Hemignathus hanapepe,24.9
Hemignathus wilsoni,28.0
Hemimacronyx chloris,25.1
Hemimacronyx sharpei,29.9
Hemiphaga chathamensis,789.0
Hemiphaga novaeseelandiae,653.0
Hemiprocne comata,20.6
Hemiprocne coronata,29.0
Hemiprocne longipennis,42.8
Hemiprocne mystacea,70.1
Hemipus hirundinaceus,10.2
Hemipus picatus,9.0
Hemithraupis flavicollis,12.8
Hemithraupis guira,12.0
Hemithraupis ruficapilla,11.0
Hemitriccus cinnamomeipectus,7.5
Hemitriccus cohnhafti,9.0
Hemitriccus diops,10.0
Hemitriccus flammulatus,10.0
Hemitriccus furcatus,9.4
Hemitriccus granadensis,7.9
Hemitriccus griseipectus,9.0
Hemitriccus inornatus,8.3
Hemitriccus iohannis,10.0
Hemitriccus josephinae,10.8
Hemitriccus kaempferi,8.5
Hemitriccus margaritaceiventer,8.4
Hemitriccus minimus,7.0
Hemitriccus minor,7.4
Hemitriccus mirandae,10.0
Hemitriccus nidipendulus,7.5
Hemitriccus obsoletus,11.6
Hemitriccus orbitatus,9.7
Hemitriccus rufigularis,9.4
Hemitriccus spodiops,7.2
Hemitriccus striaticollis,8.6
Hemitriccus zosterops,8.7
Hemixos castanonotus,35.3
Hemixos cinereus,32.5
Hemixos flavala,32.5
Henicopernis infuscatus,571.2
Henicopernis longicauda,571.2
Henicophaps albifrons,247.0
Henicophaps foersteri,247.0
Henicorhina anachoreta,16.2
Henicorhina leucophrys,16.2
Henicorhina leucoptera,13.6
Henicorhina leucosticta,14.2
Henicorhina negreti,15.9
Herpetotheres cachinnans,623.6
Herpsilochmus atricapillus,9.9
Herpsilochmus axillaris,11.4
Herpsilochmus dorsimaculatus,9.9
Herpsilochmus dugandi,10.3
Herpsilochmus frater,10.6
Herpsilochmus gentryi,10.6
Herpsilochmus longirostris,12.8
Herpsilochmus motacilloides,12.5
Herpsilochmus parkeri,11.5
Herpsilochmus pectoralis,11.1
Herpsilochmus pileatus,8.9
Herpsilochmus praedictus,11.2
Herpsilochmus roraimae,11.5
Herpsilochmus rufimarginatus,10.6
Herpsilochmus sellowi,7.5
Herpsilochmus stictocephalus,8.8
Herpsilochmus sticturus,9.5
Herpsilochmus stotzi,10.8
Heterocercus aurantiivertex,21.5
Heterocercus flavivertex,21.3
Heterocercus linteatus,21.2
Heteromirafra archeri,30.0
Heteromirafra ruddi,26.6
Heteromunia pectoralis,15.2
Heteromyias albispecularis,36.3
Heteromyias cinereifrons,36.3
Heteronetta atricapilla,538.4
Heterophasia auricularis,41.8
Heterophasia capistrata,39.4
Heterophasia desgodinsi,31.0
Heterophasia gracilis,37.8
Heterophasia melanoleuca,32.6
Heterophasia picaoides,42.4
Heterophasia pulchella,40.6
Heterospingus rubrifrons,38.0
Heterospingus xanthopygius,38.8
Heteroxolmis dominicana,42.8
Hieraaetus ayresii,806.1
Hieraaetus morphnoides,775.1
Hieraaetus pennatus,823.8
Hieraaetus wahlbergi,640.0
Hieraaetus weiskei,775.1
Hierococcyx bocki,151.0
Hierococcyx fugax,79.7
Hierococcyx hyperythrus,79.7
Hierococcyx nisicolor,79.7
Hierococcyx pectoralis,79.7
Hierococcyx sparverioides,151.0
Hierococcyx vagans,57.7
Hierococcyx varius,103.0
Himantopus himantopus,176.8
Himantopus leucocephalus,176.8
Himantopus mexicanus,176.8
Himantopus novaezelandiae,195.0
Himantornis haematopus,585.7
Himatione sanguinea,15.2
Hippolais icterina,13.2
Hippolais languida,12.0
Hippolais olivetorum,17.5
Hippolais polyglotta,11.0
Hirundapus caudacutus,95.5
Hirundapus celebensis,180.0
Hirundapus cochinchinensis,83.8
Hirundapus giganteus,127.0
Hirundinea ferruginea,30.6
Hirundo aethiopica,13.3
Hirundo albigularis,21.8
Hirundo angolensis,17.8
Hirundo atrocaerulea,13.8
Hirundo dimidiata,12.1
Hirundo domicola,17.8
Hirundo leucosoma,17.6
Hirundo lucida,13.0
Hirundo megaensis,11.0
Hirundo neoxena,14.7
Hirundo nigrita,18.3
Hirundo nigrorufa,14.2
Hirundo rustica,17.9
Hirundo smithii,12.4
Hirundo tahitica,17.8
Histrionicus histrionicus,561.6
Histurgops ruficauda,69.0
Horizocerus albocristatus,289.4
Horizocerus hartlaubi,98.5
Horornis acanthizoides,5.3
Horornis annae,18.5
Horornis brunnescens,5.3
Horornis canturians,22.3
Horornis carolinae,17.1
Horornis diphone,13.3
Horornis flavolivaceus,8.0
Horornis fortipes,9.6
Horornis haddeni,24.8
Horornis parens,14.0
Horornis ruficapilla,12.7
Horornis seebohmi,12.2
Horornis vulcanius,8.0
Houbaropsis bengalensis,2012.5
Humblotia flavirostris,15.9
Hydrobates castro,46.1
Hydrobates cheimomnestes,36.7
Hydrobates furcatus,59.7
Hydrobates homochroa,36.9
Hydrobates hornbyi,40.6
Hydrobates jabejabe,46.1
Hydrobates leucorhous,36.7
Hydrobates macrodactyla,36.7
Hydrobates markhami,53.1
Hydrobates matsudairae,62.0
Hydrobates melania,61.5
Hydrobates microsoma,20.5
Hydrobates monorhis,39.8
Hydrobates monteiroi,46.1
Hydrobates pelagicus,25.2
Hydrobates socorroensis,36.7
Hydrobates tethys,22.6
Hydrobates tristrami,89.1
Hydrochous gigas,35.8
Hydrocoloeus minutus,118.0
Hydrophasianus chirurgus,160.0
Hydroprogne caspia,655.0
Hydropsalis cayennensis,35.5
Hydropsalis climacocerca,46.0
Hydropsalis maculicaudus,30.3
Hydropsalis torquata,58.5
Hydrornis baudii,66.0
Hydrornis caeruleus,202.0
Hydrornis cyaneus,109.0
Hydrornis elliotii,91.0
Hydrornis guajanus,81.5
Hydrornis gurneyi,60.5
Hydrornis irena,81.5
Hydrornis nipalensis,124.0
Hydrornis oatesi,120.0
Hydrornis phayrei,100.0
Hydrornis schneideri,109.0
Hydrornis schwaneri,81.5
Hydrornis soror,114.0
Hylacola cauta,15.2
Hylacola pyrrhopygia,16.8
Hylexetastes perrotii,103.1
Hylexetastes stresemanni,111.0
Hylexetastes uniformis,103.1
Hylia prasina,13.1
Hyliota australis,11.2
Hyliota flavigaster,12.5
Hyliota usambara,11.2
Hyliota violacea,15.8
Hylocharis chrysura,4.5
Hylocharis sapphirina,4.4
Hylocichla mustelina,50.1
Hylocitrea bonensis,27.5
Hylomanes momotula,29.3
Hylonympha macrocerca,7.3
Hylopezus auricularis,40.4
Hylopezus macularius,44.2
Hylopezus ochroleucus,28.0
Hylopezus paraensis,44.1
Hylopezus perspicillatus,43.0
Hylopezus whittakeri,43.2
Hylophilus amaurocephalus,11.7
Hylophilus brunneiceps,9.9
Hylophilus flavipes,11.7
Hylophilus olivaceus,12.0
Hylophilus pectoralis,11.6
Hylophilus poicilotis,10.4
Hylophilus semicinereus,13.0
Hylophilus thoracicus,13.8
Hylophylax naevioides,17.8
Hylophylax naevius,14.2
Hylophylax punctulatus,12.4
Hylopsar cupreocauda,58.0
Hylopsar purpureiceps,62.8
Hylorchilus navai,29.3
Hylorchilus sumichrasti,28.4
Hymenolaimus malacorhynchos,830.0
Hymenops perspicillatus,22.9
Hypargos margaritatus,12.8
Hypargos niveoguttatus,14.6
Hypergerus atriceps,29.8
Hypnelus ruficollis,49.8
Hypocharmosyna placentis,33.6
Hypocharmosyna rubronotata,32.5
Hypocnemis cantator,12.3
Hypocnemis flavescens,12.3
Hypocnemis hypoxantha,11.5
Hypocnemis ochrogyna,12.3
Hypocnemis peruviana,12.3
Hypocnemis rondoni,12.5
Hypocnemis striata,12.3
Hypocnemis subflava,12.3
Hypocnemoides maculicauda,11.8
Hypocnemoides melanopogon,14.1
Hypocolius ampelinus,53.3
Hypocryptadius cinnamomeus,30.0
Hypoedaleus guttatus,38.8
Hypopyrrhus pyrohypogaster,101.0
Hypositta corallirostris,14.1
Hypothymis azurea,11.1
Hypothymis coelestis,13.6
Hypothymis helenae,9.9
Hypothymis puella,11.1
Hypsipetes amaurotis,70.9
Hypsipetes borbonicus,55.3
Hypsipetes crassirostris,79.5
Hypsipetes everetti,58.3
Hypsipetes ganeesa,51.8
Hypsipetes guimarasensis,38.6
Hypsipetes leucocephalus,51.8
Hypsipetes madagascariensis,46.0
Hypsipetes mindorensis,42.8
Hypsipetes moheliensis,59.4
Hypsipetes nicobariensis,36.0
Hypsipetes olivaceus,75.0
Hypsipetes parvirostris,59.4
Hypsipetes philippinus,38.6
Hypsipetes rufigularis,58.7
Hypsipetes siquijorensis,38.6
Hypsipetes thompsoni,41.8
Ianthocincla bieti,78.6
Ianthocincla cineracea,49.0
Ianthocincla konkakinhensis,76.7
Ianthocincla lunulata,78.6
Ianthocincla maxima,120.5
Ianthocincla ocellata,114.0
Ianthocincla rufogularis,62.8
Ianthocincla sukatschewi,67.8
Ibidorhyncha struthersii,294.0
Ibycter americanus,624.0
Ichthyaetus audouinii,535.0
Ichthyaetus hemprichii,451.7
Ichthyaetus ichthyaetus,1378.8
Ichthyaetus leucophthalmus,328.9
Ichthyaetus melanocephalus,256.0
Ichthyaetus relictus,490.2
Icteria virens,24.9
Icterus abeillei,33.0
Icterus auratus,32.1
Icterus auricapillus,32.2
Icterus bonana,29.0
Icterus bullockii,37.9
Icterus cayanensis,35.4
Icterus chrysater,53.4
Icterus croconotus,44.5
Icterus cucullatus,24.3
Icterus dominicensis,35.7
Icterus galbula,32.8
Icterus graceannae,41.5
Icterus graduacauda,42.2
Icterus gularis,55.2
Icterus icterus,60.9
Icterus jamacaii,62.9
Icterus laudabilis,36.9
Icterus leucopteryx,36.9
Icterus maculialatus,37.4
Icterus melanopsis,35.7
Icterus mesomelas,39.9
Icterus nigrogularis,40.2
Icterus northropi,40.0
Icterus oberi,35.8
Icterus parisorum,36.5
Icterus pectoralis,46.5
Icterus portoricensis,35.7
Icterus prosthemelas,28.0
Icterus pustulatus,36.8
Icterus pyrrhopterus,33.3
Icterus spurius,19.4
Icterus wagleri,41.8
Ictinaetus malaiensis,1028.0
Ictinia mississippiensis,276.0
Ictinia plumbea,249.9
Idiopsar brachyurus,43.0
Idiopsar dorsalis,38.1
Idiopsar erythronotus,20.7
Idiopsar speculifer,36.8
Iduna caligata,8.9
Iduna natalensis,11.7
Iduna opaca,9.0
Iduna pallida,9.0
Iduna rama,9.3
Iduna similis,11.1
Ifrita kowaldi,32.1
Ilicura militaris,12.7
Illadopsis albipectus,30.6
Illadopsis cleaveri,30.8
Illadopsis fulvescens,27.9
Illadopsis puveli,48.4
Illadopsis pyrrhoptera,24.8
Illadopsis rufescens,37.0
Illadopsis rufipennis,22.2
Illadopsis turdina,65.8
Incana incana,10.4
Incaspiza laeta,22.0
Incaspiza ortizi,32.4
Incaspiza personata,33.2
Incaspiza pulchra,27.6
Incaspiza watkinsi,20.4
Indicator archipelagicus,32.4
Indicator conirostris,28.2
Indicator exilis,17.9
Indicator indicator,50.4
Indicator maculatus,46.8
Indicator meliphilus,14.0
Indicator minor,28.2
Indicator pumilio,13.1
Indicator variegatus,48.8
Indicator willcocksi,15.4
Indicator xanthonotus,30.4
Inezia caudata,7.5
Inezia inornata,12.0
Inezia subflava,8.4
Inezia tenuirostris,5.0
Iodopleura fusca,15.3
Iodopleura isabellae,20.0
Iodopleura pipra,10.0
Iole cacharensis,25.9
Iole charlottae,24.0
Iole crypta,24.0
Iole indica,30.6
Iole palawanensis,26.8
Iole propinqua,25.9
Iole viridescens,25.9
Irania gutturalis,21.6
Irediparra gallinacea,98.8
Irena cyanogastra,80.3
Irena puella,64.9
Iridophanes pulcherrimus,15.3
Iridosornis analis,26.0
Iridosornis jelskii,20.0
Iridosornis porphyrocephalus,21.7
Iridosornis reinhardti,24.0
Iridosornis rufivertex,23.0
Isleria guttata,11.0
Isleria hauxwelli,10.7
Ispidina lecontei,9.5
Ispidina picta,12.7
Ithaginis cruentus,530.7
Ixobrychus cinnamomeus,126.5
Ixobrychus dubius,83.9
Ixobrychus eurhythmus,139.0
Ixobrychus exilis,86.3
Ixobrychus flavicollis,321.0
Ixobrychus involucris,80.1
Ixobrychus minutus,99.5
Ixobrychus sinensis,94.3
Ixobrychus sturmii,140.0
Ixonotus guttatus,35.2
Ixoreus naevius,77.5
Ixos malaccensis,37.3
Ixos mcclellandii,32.5
Ixos virescens,32.5
Ixothraupis guttata,18.4
Ixothraupis punctata,15.0
Ixothraupis rufigula,19.1
Ixothraupis varia,10.0
Ixothraupis xanthogastra,15.0
Jabiru mycteria,5996.3
Jacamaralcyon tridactyla,18.3
Jacamerops aureus,62.9
Jacana jacana,106.2
Jacana spinosa,94.0
Jubula lettii,183.0
Junco bairdi,20.4
Junco hyemalis,19.5
Junco insularis,22.0
Junco phaeonotus,20.4
Junco vulcani,28.0
Jynx ruficollis,46.4
Jynx torquilla,35.0
Kakamega poliothorax,36.4
Kaupifalco monogrammicus,278.9
Kenopia striata,19.9
Ketupa blakistoni,3850.0
Ketupa flavipes,2315.0
Ketupa ketupu,1293.0
Ketupa zeylonensis,1105.0
Klais guimeti,2.6
Kleinothraupis atropileus,22.0
Kleinothraupis calophrys,19.3
Kleinothraupis parodii,21.8
Kleinothraupis reyi,19.0
Knipolegus aterrimus,20.2
Knipolegus cabanisi,17.8
Knipolegus cyanirostris,15.4
Knipolegus franciscanus,20.5
Knipolegus hudsoni,13.8
Knipolegus lophotes,31.8
Knipolegus nigerrimus,20.3
Knipolegus orenocensis,19.0
Knipolegus poecilocercus,14.3
Knipolegus poecilurus,14.6
Knipolegus signatus,17.8
Knipolegus striaticeps,11.0
Kurochkinegramma hypogrammicum,11.4
Lacedo pulchella,47.3
Lafresnaya lafresnayi,5.3
Lagonosticta landanae,10.2
Lagonosticta larvata,9.9
Lagonosticta nitidula,10.7
Lagonosticta rara,10.4
Lagonosticta rhodopareia,9.3
Lagonosticta rubricata,10.2
Lagonosticta rufopicta,9.3
Lagonosticta sanguinodorsalis,11.4
Lagonosticta senegala,9.2
Lagonosticta umbrinodorsalis,10.6
Lagonosticta virata,9.3
Lagopus lagopus,566.9
Lagopus leucura,355.0
Lagopus muta,535.3
Lalage atrovirens,33.0
Lalage aurea,32.0
Lalage conjuncta,29.3
Lalage fimbriata,29.3
Lalage leucomela,29.3
Lalage leucopyga,24.3
Lalage leucopygialis,24.3
Lalage maculosa,30.3
Lalage melanoleuca,46.8
Lalage melanoptera,29.4
Lalage melaschistos,43.0
Lalage moesta,29.5
Lalage newtoni,42.9
Lalage nigra,28.4
Lalage polioptera,35.8
Lalage sharpei,28.6
Lalage sueurii,26.0
Lalage tricolor,25.0
Lalage typica,42.9
Lampornis amethystinus,5.2
Lampornis calolaemus,5.1
Lampornis castaneoventris,5.1
Lampornis clemenciae,7.6
Lampornis hemileucus,5.5
Lampornis sybillae,6.3
Lampornis viridipallens,5.3
Lamprolaima rhami,7.8
Lamprolia klinesmithi,14.7
Lamprolia victoriae,14.7
Lampropsar tanagrinus,57.3
Lamprospiza melanoleuca,34.0
Lamprotornis acuticaudus,67.6
Lamprotornis albicapillus,76.8
Lamprotornis australis,101.1
Lamprotornis bicolor,104.0
Lamprotornis caudatus,121.0
Lamprotornis chalcurus,63.0
Lamprotornis chalybaeus,86.2
Lamprotornis chloropterus,73.1
Lamprotornis fischeri,51.0
Lamprotornis hildebrandti,55.9
Lamprotornis iris,69.0
Lamprotornis mevesii,64.2
Lamprotornis nitens,85.6
Lamprotornis ornatus,130.0
Lamprotornis pulcher,67.3
Lamprotornis purpureus,112.9
Lamprotornis purpuroptera,77.4
Lamprotornis regius,53.8
Lamprotornis shelleyi,45.0
Lamprotornis splendidus,123.1
Lamprotornis superbus,64.9
Lamprotornis unicolor,60.2
Laniarius aethiopicus,49.4
Laniarius amboimensis,45.9
Laniarius atrococcineus,48.8
Laniarius atroflavus,43.0
Laniarius barbarus,47.1
Laniarius bicolor,54.3
Laniarius brauni,54.3
Laniarius erythrogaster,48.8
Laniarius ferrugineus,46.8
Laniarius fuelleborni,46.4
Laniarius funebris,40.4
Laniarius holomelas,44.9
Laniarius leucorhynchus,50.1
Laniarius luehderi,42.9
Laniarius major,49.4
Laniarius mufumbiri,41.5
Laniarius nigerrimus,49.4
Laniarius poensis,44.9
Laniarius ruficeps,32.7
Laniarius sublacteus,48.7
Laniarius turatii,45.9
Laniarius willardi,43.6
Laniellus albonotatus,45.0
Laniellus langbianis,45.0
Laniisoma elegans,47.4
Lanio aurantius,35.0
Lanio fulvus,24.0
Lanio leucothorax,40.0
Lanio versicolor,17.0
Laniocera hypopyrra,51.0
Laniocera rufescens,48.1
Lanioturdus torquatus,29.0
Lanius borealis,63.4
Lanius bucephalus,39.4
Lanius cabanisi,73.8
Lanius collaris,36.4
Lanius collurio,28.4
Lanius collurioides,26.0
Lanius corvinus,65.4
Lanius cristatus,32.2
Lanius dorsalis,49.9
Lanius excubitor,63.4
Lanius excubitoroides,53.7
Lanius giganteus,92.1
Lanius gubernator,23.5
Lanius humeralis,41.8
Lanius isabellinus,25.2
Lanius ludovicianus,51.6
Lanius mackinnoni,34.3
Lanius melanoleucus,82.2
Lanius meridionalis,60.4
Lanius minor,46.5
Lanius newtoni,22.4
Lanius nubicus,19.7
Lanius phoenicuroides,28.0
Lanius schach,51.5
Lanius senator,36.0
Lanius somalicus,45.3
Lanius souzae,26.3
Lanius sphenocercus,92.1
Lanius tephronotus,46.4
Lanius tigrinus,30.1
Lanius validirostris,37.5
Lanius vittatus,20.8
Larosterna inca,219.0
Larus argentatus,1091.0
Larus armenicus,867.0
Larus atlanticus,842.4
Larus belcheri,638.6
Larus brachyrhynchus,412.5
Larus cachinnans,1111.9
Larus californicus,683.4
Larus canus,412.5
Larus crassirostris,561.0
Larus delawarensis,516.3
Larus dominicanus,952.4
Larus fuscus,762.4
Larus glaucescens,1056.5
Larus glaucoides,693.3
Larus heermanni,500.0
Larus hyperboreus,1529.0
Larus livens,1322.0
Larus marinus,1649.7
Larus michahellis,1111.9
Larus occidentalis,922.8
Larus pacificus,1292.0
Larus schistisagus,1323.0
Larvivora akahige,17.0
Larvivora brunnea,17.5
Larvivora cyane,14.8
Larvivora komadori,23.9
Larvivora ruficeps,18.0
Larvivora sibilans,16.7
Laterallus albigularis,47.3
Laterallus exilis,33.5
Laterallus jamaicensis,32.6
Laterallus leucopyrrhus,45.5
Laterallus levraudi,43.5
Laterallus melanophaius,52.1
Laterallus ruber,44.4
Laterallus spilonota,40.2
Laterallus xenopterus,56.9
Lathamus discolor,64.7
Lathrotriccus euleri,11.3
Lathrotriccus griseipectus,11.0
Laticilla burnesii,19.0
Laticilla cinerascens,19.0
Legatus leucophaius,22.2
Leiopicus mahrattensis,34.3
Leioptila annectens,24.5
Leiothlypis celata,9.2
Leiothlypis crissalis,9.3
Leiothlypis luciae,6.6
Leiothlypis peregrina,8.9
Leiothlypis ruficapilla,8.1
Leiothlypis virginiae,8.2
Leiothrix argentauris,28.4
Leiothrix lutea,21.4
Leipoa ocellata,1913.9
Leistes bellicosus,58.0
Leistes defilippii,48.0
Leistes loyca,113.0
Leistes militaris,48.0
Leistes superciliaris,45.3
Leonardina woodi,21.0
Lepidocolaptes affinis,35.0
Lepidocolaptes albolineatus,20.3
Lepidocolaptes angustirostris,29.6
Lepidocolaptes duidae,20.3
Lepidocolaptes falcinellus,27.9
Lepidocolaptes fatimalimae,20.3
Lepidocolaptes fuscicapillus,20.3
Lepidocolaptes lacrymiger,30.6
Lepidocolaptes leucogaster,36.0
Lepidocolaptes souleyetii,25.7
Lepidocolaptes squamatus,28.1
Lepidopygia nana,8.2
Lepidothrix coeruleocapilla,9.7
Lepidothrix coronata,8.3
Lepidothrix iris,8.0
Lepidothrix isidorei,7.8
Lepidothrix nattereri,8.4
Lepidothrix serena,11.4
Lepidothrix suavissima,8.5
Lepidothrix vilasboasi,8.4
Leptasthenura aegithaloides,10.7
Leptasthenura andicola,15.5
Leptasthenura fuliginiceps,12.6
Leptasthenura pileata,10.3
Leptasthenura platensis,10.6
Leptasthenura setaria,11.0
Leptasthenura striata,8.9
Leptasthenura striolata,10.5
Leptasthenura xenothorax,10.5
Leptocoma aspasia,8.0
Leptocoma brasiliana,6.4
Leptocoma calcostetha,8.3
Leptocoma minima,4.9
Leptocoma sperata,6.4
Leptocoma zeylonica,8.8
Leptodon cayanensis,474.0
Leptodon forbesi,577.0
Leptopoecile elegans,6.2
Leptopoecile sophiae,6.9
Leptopogon amaurocephalus,11.7
Leptopogon rufipectus,13.4
Leptopogon superciliaris,11.7
Leptopogon taczanowskii,11.5
Leptopterus chabert,19.6
Leptoptilos crumenifer,6067.9
Leptoptilos dubius,9050.0
Leptoptilos javanicus,4651.0
Leptosittaca branickii,155.7
Leptosomus discolor,255.0
Leptotila cassinii,159.0
Leptotila conoveri,153.5
Leptotila jamaicensis,165.0
Leptotila megalura,218.0
Leptotila ochraceiventris,146.0
Leptotila pallida,122.8
Leptotila plumbeiceps,170.0
Leptotila rufaxilla,157.0
Leptotila verreauxi,146.9
Leptotila wellsi,200.0
Leptotrygon veraguensis,155.0
Lerwa lerwa,567.3
Lesbia nuna,3.7
Lesbia victoriae,5.0
Lessonia oreas,13.8
Lessonia rufa,13.4
Leucippus fallax,6.0
Leucocarbo atriceps,2000.0
Leucocarbo bougainvillii,2485.0
Leucocarbo bransfieldensis,2000.0
Leucocarbo campbelli,1897.4
Leucocarbo carunculatus,2576.3
Leucocarbo chalconotus,2220.1
Leucocarbo colensoi,2000.0
Leucocarbo georgianus,2000.0
Leucocarbo magellanicus,1483.4
Leucocarbo melanogenis,2300.0
Leucocarbo nivalis,2300.0
Leucocarbo onslowi,2072.7
Leucocarbo purpurascens,2300.0
Leucocarbo ranfurlyi,2500.0
Leucocarbo verrucosus,2000.0
Leucochloris albicollis,6.3
Leucogeranus leucogeranus,5913.4
Leucolia violiceps,5.1
Leucolia viridifrons,6.3
Leucopeza semperi,19.8
Leucophaeus atricilla,307.4
Leucophaeus fuliginosus,380.0
Leucophaeus modestus,344.0
Leucophaeus pipixcan,280.0
Leucophaeus scoresbii,523.5
Leucopsar rothschildi,91.3
Leucopternis kuhli,352.1
Leucopternis melanops,312.0
Leucopternis semiplumbeus,285.0
Leucosarcia melanoleuca,428.6
Leucosticte arctoa,30.7
Leucosticte atrata,25.2
Leucosticte australis,26.6
Leucosticte brandti,30.4
Leucosticte nemoricola,22.5
Leucosticte tephrocotis,37.8
Lewinia mirifica,68.0
Lewinia muelleri,93.0
Lewinia pectoralis,78.1
Lewinia striata,116.0
Lichenostomus cratitius,20.3
Lichenostomus melanops,32.3
Lichmera alboauricularis,13.3
Lichmera argentauris,14.0
Lichmera deningeri,16.6
Lichmera flavicans,14.2
Lichmera incana,13.1
Lichmera indistincta,11.2
Lichmera limbata,13.5
Lichmera lombokia,15.3
Lichmera monticola,6.0
Lichmera notabilis,11.5
Lichmera squamata,14.5
Limnoctites rectirostris,18.5
Limnoctites sulphuriferus,13.5
Limnodromus griseus,110.5
Limnodromus scolopaceus,104.4
Limnodromus semipalmatus,212.0
Limnornis curvirostris,28.6
Limnothlypis swainsonii,18.9
Limosa fedoa,357.0
Limosa haemastica,253.3
Limosa lapponica,291.7
Limosa limosa,288.4
Linaria cannabina,19.5
Linaria flavirostris,15.4
Linaria johannis,13.4
Linaria yemenensis,14.3
Linurgus olivaceus,20.3
Liocichla bugunorum,40.0
Liocichla omeiensis,40.4
Liocichla phoenicea,49.0
Liocichla ripponi,49.0
Liocichla steerii,31.4
Lioparus chrysotis,5.5
Liosceles thoracicus,40.5
Lipaugus ater,80.0
Lipaugus conditus,80.0
Lipaugus fuscocinereus,138.0
Lipaugus lanioides,94.8
Lipaugus streptophorus,57.2
Lipaugus unirufus,82.1
Lipaugus uropygialis,116.0
Lipaugus vociferans,75.4
Lipaugus weberi,72.1
Lissotis hartlaubii,1190.0
Lissotis melanogaster,1151.5
Loboparadisea sericea,67.3
Lobotos lobatus,33.1
Lobotos oriolinus,33.1
Lochmias nematura,22.0
Locustella accentor,19.0
Locustella alfredi,17.5
Locustella alishanensis,10.0
Locustella castanea,19.0
Locustella caudata,22.9
Locustella chengi,10.0
Locustella davidi,10.0
Locustella disturbans,19.0
Locustella fluviatilis,16.1
Locustella idonea,11.3
Locustella kashmirensis,10.8
Locustella lanceolata,10.6
Locustella luscinioides,13.9
Locustella luteoventris,13.2
Locustella major,13.3
Locustella mandelli,11.3
Locustella montis,14.0
Locustella musculus,19.0
Locustella naevia,13.3
Locustella portenta,19.0
Locustella seebohmi,11.3
Locustella tacsanowskia,14.0
Locustella thoracica,10.8
Loddigesia mirabilis,3.0
Lonchura atricapilla,12.4
Lonchura caniceps,11.5
Lonchura castaneothorax,13.6
Lonchura ferruginosa,13.0
Lonchura flaviprymna,11.8
Lonchura forbesi,13.3
Lonchura fuscans,9.5
Lonchura grandis,14.3
Lonchura hunsteini,13.3
Lonchura kelaarti,14.1
Lonchura leucogastra,11.4
Lonchura leucogastroides,11.7
Lonchura maja,12.5
Lonchura malacca,12.6
Lonchura melaena,13.3
Lonchura molucca,12.0
Lonchura montana,15.5
Lonchura monticola,13.3
Lonchura nevermanni,11.0
Lonchura nigerrima,13.3
Lonchura pallida,12.0
Lonchura punctulata,13.6
Lonchura quinticolor,13.3
Lonchura spectabilis,11.5
Lonchura striata,12.3
Lonchura stygia,11.2
Lonchura teerinki,13.3
Lonchura vana,13.3
Lophaetus occipitalis,1067.0
Lophoceros alboterminatus,223.7
Lophoceros bradfieldi,196.5
Lophoceros camurus,103.8
Lophoceros fasciatus,258.8
Lophoceros hemprichii,297.0
Lophoceros nasutus,179.6
Lophoceros pallidirostris,233.0
Lophochroa leadbeateri,396.8
Lophodytes cucullatus,613.8
Lophoictinia isura,579.4
Lopholaimus antarcticus,496.4
Lophonetta specularioides,1019.9
Lophophanes cristatus,11.0
Lophophanes dichrous,13.8
Lophophorus impejanus,2066.5
Lophophorus lhuysii,3008.0
Lophophorus sclateri,2500.0
Lophorina minor,76.7
Lophorina niedda,76.7
Lophorina superba,76.7
Lophornis adorabilis,2.7
Lophornis brachylophus,2.7
Lophornis chalybeus,3.0
Lophornis delattrei,2.8
Lophornis gouldii,2.4
Lophornis helenae,2.6
Lophornis magnificus,2.7
Lophornis ornatus,2.3
Lophornis pavoninus,3.0
Lophornis stictolophus,2.7
Lophornis verreauxii,3.0
Lophospingus griseocristatus,17.9
Lophospingus pusillus,14.4
Lophostrix cristata,538.7
Lophotibis cristata,583.0
Lophotriccus eulophotes,6.0
Lophotriccus galeatus,6.6
Lophotriccus pileatus,7.5
Lophotriccus vitiosus,6.7
Lophotriorchis kienerii,799.0
Lophura bulweri,1245.2
Lophura diardi,1088.9
Lophura edwardsi,1091.0
Lophura erythrophthalma,934.3
Lophura ignita,1768.1
Lophura inornata,685.0
Lophura leucomelanos,868.0
Lophura nycthemera,1230.0
Lophura swinhoii,1100.0
Loriculus amabilis,15.5
Loriculus aurantiifrons,15.5
Loriculus beryllinus,30.0
Loriculus camiguinensis,34.9
Loriculus catamene,34.0
Loriculus exilis,34.0
Loriculus flosculus,34.0
Loriculus galgulus,28.0
Loriculus philippensis,34.9
Loriculus pusillus,15.5
Loriculus sclateri,34.0
Loriculus stigmatus,28.0
Loriculus tener,12.0
Loriculus vernalis,35.7
Loriotus cristatus,18.8
Loriotus luctuosus,13.0
Loriotus rufiventer,19.0
Lorius albidinucha,132.0
Lorius chlorocercus,173.5
Lorius domicella,182.0
Lorius garrulus,143.0
Lorius hypoinochrous,187.0
Lorius lory,176.9
Loxia curvirostra,38.3
Loxia leucoptera,28.7
Loxia megaplaga,28.7
Loxia pytyopsittacus,53.0
Loxia scotica,43.2
Loxia sinesciuris,34.4
Loxigilla barbadensis,16.6
Loxigilla noctis,16.6
Loxioides bailleui,37.8
Loxipasser anoxanthus,11.4
Loxops caeruleirostris,10.8
Loxops coccineus,10.5
Loxops mana,14.6
Loxops ochraceus,10.5
Lullula arborea,26.9
Lurocalis rufiventris,128.5
Lurocalis semitorquatus,75.9
Luscinia luscinia,23.8
Luscinia megarhynchos,19.6
Luscinia phaenicuroides,21.1
Luscinia svecica,17.2
Lybius bidentatus,79.3
Lybius chaplini,69.5
Lybius dubius,91.0
Lybius guifsobalito,42.2
Lybius leucocephalus,62.8
Lybius melanopterus,52.4
Lybius minor,46.7
Lybius rolleti,100.4
Lybius rubrifacies,60.1
Lybius torquatus,51.7
Lybius undatus,38.5
Lybius vieilloti,36.0
Lycocorax pyrrhopterus,283.9
Lymnocryptes minimus,50.1
Lyncornis macrotis,140.6
Lyncornis temminckii,95.9
Lyrurus mlokosiewiczi,814.0
Lyrurus tetrix,1068.7
Macgregoria pulchra,225.1
Machaerirhynchus flaviventer,10.3
Machaerirhynchus nigripectus,12.0
Machaeropterus deliciosus,12.7
Machaeropterus eckelberryi,9.3
Machaeropterus pyrocephalus,9.5
Machaeropterus regulus,9.3
Machaeropterus striolatus,9.3
Macheiramphus alcinus,650.0
Machetornis rixosa,29.6
Machlolophus aplonotus,14.8
Machlolophus holsti,16.7
Machlolophus nuchalis,13.8
Machlolophus spilonotus,18.8
Machlolophus xanthogenys,14.8
Mackenziaena leachii,70.2
Mackenziaena severa,51.8
Macroagelaius imthurni,77.8
Macroagelaius subalaris,62.0
Macrocephalon maleo,1563.3
Macronectes giganteus,3591.7
Macronectes halli,4206.3
Macronus ptilosus,18.0
Macronus striaticeps,16.5
Macronyx ameliae,33.5
Macronyx aurantiigula,39.4
Macronyx capensis,50.0
Macronyx croceus,47.1
Macronyx flavicollis,45.1
Macronyx fuelleborni,55.2
Macronyx grimwoodi,45.1
Macropsalis forcipata,139.0
Macropygia amboinensis,237.0
Macropygia cinnamomea,161.0
Macropygia doreya,237.0
Macropygia emiliana,161.0
Macropygia macassariensis,237.0
Macropygia mackinlayi,85.9
Macropygia magna,237.0
Macropygia modiglianii,161.0
Macropygia nigrirostris,90.1
Macropygia phasianella,237.0
Macropygia ruficeps,81.9
Macropygia rufipennis,256.0
Macropygia tenuirostris,177.0
Macropygia timorlaoensis,237.0
Macropygia unchall,168.0
Macrosphenus concolor,13.9
Macrosphenus flavicans,13.4
Macrosphenus kempi,12.6
Macrosphenus kretschmeri,20.0
Macrosphenus pulitzeri,11.7
Madanga ruficollis,15.0
Magumma parva,9.3
Malacocincla abbotti,26.8
Malacocincla perspicillata,25.5
Malacocincla sepiaria,25.5
Malaconotus alius,76.7
Malaconotus blanchoti,78.7
Malaconotus cruentus,76.7
Malaconotus gladiator,99.0
Malaconotus lagdeni,92.3
Malaconotus monteiri,81.9
Malacopteron affine,17.1
Malacopteron albogulare,16.5
Malacopteron cinereum,18.1
Malacopteron magnirostre,19.3
Malacopteron magnum,27.2
Malacopteron palawanense,32.1
Malacoptila fulvogularis,57.4
Malacoptila fusca,45.4
Malacoptila mystacalis,49.0
Malacoptila panamensis,42.6
Malacoptila rufa,47.5
Malacoptila semicincta,44.0
Malacoptila striata,44.1
Malacorhynchus membranaceus,372.8
Malcorus pectoralis,10.1
Malia grata,94.5
Malimbus ballmanni,63.0
Malimbus cassini,35.0
Malimbus coronatus,32.0
Malimbus erythrogaster,45.0
Malimbus ibadanensis,38.8
Malimbus malimbicus,36.1
Malimbus nitens,37.8
Malimbus racheliae,26.0
Malimbus rubricollis,42.2
Malimbus scutatus,30.0
Malindangia mcgregori,42.6
Malurus alboscapulatus,9.3
Malurus amabilis,8.6
Malurus assimilis,8.0
Malurus coronatus,11.1
Malurus cyaneus,10.3
Malurus cyanocephalus,12.4
Malurus elegans,9.6
Malurus lamberti,8.0
Malurus leucopterus,7.4
Malurus melanocephalus,7.9
Malurus pulcherrimus,9.2
Malurus splendens,9.4
Manacus aurantiacus,15.5
Manacus candei,19.8
Manacus manacus,16.7
Manacus vitellinus,18.2
Mandingoa nitidula,9.6
Manorina flavigula,55.9
Manorina melanocephala,60.2
Manorina melanophrys,30.4
Manorina melanotis,54.0
Manucodia ater,228.0
Manucodia chalybatus,215.9
Manucodia comrii,432.7
Manucodia jobiensis,202.6
Mareca americana,754.6
Mareca falcata,645.8
Mareca penelope,770.0
Mareca sibilatrix,923.2
Mareca strepera,915.6
Margarobyas lawrencii,95.2
Margaroperdix madagarensis,245.0
Margarops fuscatus,98.4
Margarornis bellulus,18.5
Margarornis rubiginosus,17.8
Margarornis squamiger,17.3
Margarornis stellatus,21.5
Marmaronetta angustirostris,477.0
Masius chrysopterus,11.5
Mayrimunia leucosticta,13.3
Mayrimunia tristissima,8.8
Mayrornis lessoni,11.2
Mayrornis schistaceus,11.2
Mayrornis versicolor,29.0
Mazaria propinqua,19.9
Mearnsia novaeguineae,32.6
Mearnsia picina,42.5
Mecocerculus calopterus,7.0
Mecocerculus hellmayri,8.0
Mecocerculus leucophrys,11.0
Mecocerculus minor,11.0
Mecocerculus poecilocercus,7.7
Mecocerculus stictopterus,9.4
Megabyas flammulatus,28.0
Megaceryle alcyon,148.0
Megaceryle lugubris,271.0
Megaceryle maxima,325.0
Megaceryle torquata,317.0
Megacrex inepta,1200.0
Megadyptes antipodes,5326.2
Megalurus palustris,44.1
Megapodius bernsteinii,768.6
Megapodius cumingii,1044.0
Megapodius decollatus,666.3
Megapodius eremita,676.7
Megapodius forsteni,642.5
Megapodius freycinet,642.5
Megapodius geelvinkianus,642.5
Megapodius laperouse,308.0
Megapodius layardi,768.6
Megapodius nicobariensis,836.7
Megapodius pritchardii,365.0
Megapodius reinwardt,875.8
Megapodius tenimberensis,875.8
Megarynchus pitangua,69.9
Megascops albogularis,159.0
Megascops asio,180.0
Megascops atricapilla,118.9
Megascops barbarus,69.0
Megascops centralis,118.0
Megascops choliba,132.0
Megascops clarkii,158.5
Megascops cooperi,149.9
Megascops gilesi,132.0
Megascops guatemalae,118.0
Megascops hoyi,110.0
Megascops ingens,165.3
Megascops kennicottii,141.8
Megascops koepckeae,116.9
Megascops marshalli,110.0
Megascops petersoni,97.5
Megascops roboratus,126.7
Megascops roraimae,116.0
Megascops sanctaecatarinae,179.7
Megascops seductus,160.0
Megascops trichopsis,88.3
Megascops watsonii,129.0
Megastictus margaritatus,20.2
Megatriorchis doriae,1000.0
Megaxenops parnaguae,25.0
Megazosterops palauensis,31.0
Meiglyptes jugularis,53.4
Meiglyptes tristis,31.7
Meiglyptes tukki,53.1
Melaenornis annamarulae,39.9
Melaenornis ardesiacus,29.0
Melaenornis brunneus,26.8
Melaenornis chocolatinus,23.4
Melaenornis edolioides,30.7
Melaenornis fischeri,23.4
Melaenornis herero,27.2
Melaenornis pammelaina,30.2
Melaenornis semipartitus,22.5
Melaenornis silens,25.7
Melampitta gigantea,205.0
Melampitta lugubris,42.7
Melanerpes aurifrons,80.8
Melanerpes cactorum,34.9
Melanerpes candidus,108.0
Melanerpes carolinus,69.5
Melanerpes chrysauchen,52.5
Melanerpes chrysogenys,67.7
Melanerpes cruentatus,58.1
Melanerpes erythrocephalus,71.6
Melanerpes flavifrons,57.8
Melanerpes formicivorus,79.6
Melanerpes herminieri,100.0
Melanerpes hoffmannii,72.2
Melanerpes hypopolius,52.4
Melanerpes lewis,105.8
Melanerpes portoricensis,59.9
Melanerpes pucherani,62.4
Melanerpes pulcher,52.5
Melanerpes pygmaeus,38.8
Melanerpes radiolatus,108.0
Melanerpes rubricapillus,52.3
Melanerpes striatus,73.4
Melanerpes superciliaris,77.3
Melanerpes uropygialis,64.7
Melaniparus afer,20.2
Melaniparus albiventris,21.2
Melaniparus carpi,18.6
Melaniparus cinerascens,20.0
Melaniparus fasciiventer,15.2
Melaniparus fringillinus,13.8
Melaniparus funereus,25.4
Melaniparus griseiventris,15.5
Melaniparus guineensis,16.1
Melaniparus leucomelas,16.1
Melaniparus leuconotus,16.7
Melaniparus niger,21.5
Melaniparus rufiventris,18.2
Melaniparus thruppi,12.0
Melanitta americana,1117.0
Melanitta deglandi,1800.2
Melanitta fusca,1800.2
Melanitta nigra,1050.0
Melanitta perspicillata,1096.3
Melanitta stejnegeri,1800.2
Melanocharis arfakiana,11.5
Melanocharis citreola,17.6
Melanocharis crassirostris,18.0
Melanocharis longicauda,12.0
Melanocharis nigra,14.2
Melanocharis striativentris,17.6
Melanocharis versteri,14.7
Melanochlora sultanea,37.6
Melanocichla calva,78.6
Melanocichla lugubris,78.6
Melanocorypha bimaculata,54.1
Melanocorypha calandra,61.6
Melanocorypha maxima,75.0
Melanocorypha mongolica,53.9
Melanocorypha yeltoniensis,59.9
Melanodera melanodera,28.7
Melanodera xanthogramma,35.1
Melanodryas cucullata,21.1
Melanodryas vittata,26.6
Melanopareia elegans,16.0
Melanopareia maranonica,23.0
Melanopareia maximiliani,18.0
Melanopareia torquata,17.2
Melanoperdix niger,280.0
Melanoptila glabrirostris,35.4
Melanorectes nigrescens,76.9
Melanospiza bicolor,9.8
Melanospiza richardsoni,20.9
Melanotis caerulescens,61.6
Melanotis hypoleucus,68.0
Meleagris gallopavo,5791.4
Meleagris ocellata,5525.0
Meliarchus sclateri,66.8
Melichneutes robustus,54.2
Melidectes belfordi,73.1
Melidectes foersteri,85.0
Melidectes fuscus,45.0
Melidectes leucostephes,75.3
Melidectes nouhuysi,62.3
Melidectes ochromelas,63.0
Melidectes princeps,42.0
Melidectes rufocrissalis,71.6
Melidectes torquatus,44.9
Melidora macrorrhina,97.0
Melierax canorus,663.3
Melierax metabates,674.5
Melierax poliopterus,629.9
Melignomon eisentrauti,24.2
Melignomon zenkeri,23.6
Melilestes megarhynchus,43.8
Meliphacator provocator,33.1
Meliphaga aruensis,26.2
Meliphaga lewinii,33.6
Meliphaga notata,26.4
Melipotes ater,114.0
Melipotes carolae,58.9
Melipotes fumigatus,58.6
Melipotes gymnops,54.8
Melithreptus affinis,15.0
Melithreptus albogularis,11.0
Melithreptus brevirostris,12.6
Melithreptus chloropsis,14.0
Melithreptus gularis,19.4
Melithreptus lunatus,14.0
Melithreptus validirostris,24.8
Melitograis gilolensis,54.0
Mellisuga helenae,2.2
Mellisuga minima,2.4
Melocichla mentalis,33.2
Melopsittacus undulatus,29.0
Melopyrrha grandis,32.0
Melopyrrha nigra,14.9
Melopyrrha portoricensis,32.0
Melopyrrha violacea,22.2
Melospiza georgiana,16.1
Melospiza lincolnii,16.6
Melospiza melodia,21.9
Melozone aberti,45.9
Melozone albicollis,46.4
Melozone biarcuata,30.6
Melozone cabanisi,28.0
Melozone crissalis,52.8
Melozone fusca,44.4
Melozone kieneri,38.7
Melozone leucotis,39.9
Mentocrex beankaensis,246.0
Mentocrex kioloides,246.0
Menura alberti,928.0
Menura novaehollandiae,972.6
Merganetta armata,398.8
Mergellus albellus,608.6
Mergus merganser,1451.0
Mergus octosetaceus,983.0
Mergus serrator,1015.2
Mergus squamatus,1234.0
Meropogon forsteni,55.0
Merops albicollis,25.9
Merops americanus,37.4
Merops apiaster,56.6
Merops boehmi,16.6
Merops breweri,49.7
Merops bullockoides,34.8
Merops bulocki,23.1
Merops gularis,27.3
Merops hirundineus,21.7
Merops leschenaulti,27.2
Merops malimbicus,50.4
Merops mentalis,22.5
Merops muelleri,22.5
Merops nubicoides,42.4
Merops nubicus,42.4
Merops oreobates,24.0
Merops orientalis,14.8
Merops ornatus,29.5
Merops persicus,49.3
Merops philippinus,34.0
Merops pusillus,15.1
Merops revoilii,12.9
Merops superciliosus,38.5
Merops variegatus,22.5
Merops viridis,34.8
Merulaxis ater,35.0
Merulaxis stresemanni,35.0
Mesembrinibis cayennensis,756.0
Mesitornis unicolor,148.0
Mesitornis variegatus,110.0
Metabolus rugensis,23.6
Metallura aeneocauda,5.2
Metallura baroni,4.3
Metallura eupogon,4.6
Metallura iracunda,3.9
Metallura odomae,5.1
Metallura phoebe,5.4
Metallura theresiae,4.9
Metallura tyrianthina,3.8
Metallura williami,4.5
Metopidius indicus,155.0
Metopothrix aurantiaca,11.2
Metriopelia aymara,61.8
Metriopelia ceciliae,55.1
Metriopelia melanoptera,100.0
Metriopelia morenoi,28.6
Micrastur buckleyi,464.0
Micrastur gilvicollis,209.0
Micrastur mintoni,209.5
Micrastur mirandollei,549.0
Micrastur plumbeus,185.4
Micrastur ruficollis,177.6
Micrastur semitorquatus,621.7
Micrathene whitneyi,41.0
Microbates cinereiventris,11.9
Microbates collaris,10.2
Microcarbo africanus,545.0
Microcarbo coronatus,762.2
Microcarbo melanoleucos,727.4
Microcarbo niger,427.0
Microcarbo pygmaeus,676.0
Microcerculus bambla,19.1
Microcerculus marginatus,18.2
Microcerculus philomela,17.8
Microcerculus ustulatus,21.0
Microchera albocoronata,2.7
Microchera chionura,3.0
Microchera cupreiceps,3.0
Microdynamis parva,47.2
Microeca fascinans,14.5
Microeca flavigaster,12.1
Microeca flavovirescens,15.0
Microeca griseoceps,10.6
Microeca hemixantha,13.7
Microeca papuana,14.4
Microhierax caerulescens,38.7
Microhierax erythrogenys,50.0
Microhierax fringillarius,42.9
Microhierax latifrons,41.2
Microhierax melanoleucos,64.2
Microligea palustris,13.2
Micromacronus leytensis,5.5
Micromacronus sordidus,5.5
Micromonacha lanceolata,19.8
Micronisus gabar,169.6
Microparra capensis,41.3
Micropsitta bruijnii,13.4
Micropsitta finschii,15.0
Micropsitta geelvinkiana,12.2
Micropsitta keiensis,12.1
Micropsitta meeki,13.8
Micropsitta pusio,14.0
Micropternus brachyurus,85.9
Microptilotis albonotatus,22.4
Microptilotis analogus,21.6
Microptilotis cinereifrons,15.0
Microptilotis flavirictus,18.5
Microptilotis gracilis,15.0
Microptilotis imitatrix,15.0
Microptilotis mimikae,26.9
Microptilotis montanus,28.0
Microptilotis orientalis,18.1
Microptilotis vicina,23.6
Micropygia schomburgkii,31.2
Microrhopias quixensis,7.9
Microspingus alticola,24.0
Microspingus cabanisi,19.2
Microspingus cinereus,11.6
Microspingus erythrophrys,14.1
Microspingus lateralis,19.2
Microspingus melanoleucus,13.1
Microspingus torquatus,11.0
Microspingus trifasciatus,14.0
Microstilbon burmeisteri,2.5
Microxenops milleri,12.2
Milvago chimachima,315.2
Milvago chimango,296.0
Milvus migrans,734.1
Milvus milvus,1071.8
Mimus dorsalis,58.7
Mimus gilvus,52.0
Mimus graysoni,65.5
Mimus gundlachii,66.8
Mimus longicaudatus,66.6
Mimus macdonaldi,70.2
Mimus melanotis,50.5
Mimus parvulus,53.6
Mimus patagonicus,57.8
Mimus polyglottos,48.5
Mimus saturninus,63.7
Mimus thenca,66.0
Mimus trifasciatus,62.7
Mimus triurus,47.2
Minla ignotincta,14.3
Mino anais,152.0
Mino dumontii,217.0
Mino kreffti,217.0
Mionectes macconnelli,13.5
Mionectes oleagineus,11.2
Mionectes olivaceus,15.3
Mionectes roraimae,13.5
Mionectes rufiventris,13.3
Mionectes striaticollis,15.0
Mirafra affinis,26.2
Mirafra africana,45.0
Mirafra albicauda,22.2
Mirafra angolensis,36.2
Mirafra apiata,26.9
Mirafra ashi,36.8
Mirafra assamica,26.2
Mirafra cantillans,23.0
Mirafra cheniana,29.2
Mirafra collaris,29.2
Mirafra cordofanica,29.2
Mirafra erythrocephala,26.2
Mirafra erythroptera,21.3
Mirafra fasciolata,30.6
Mirafra gilletti,22.4
Mirafra hypermetra,61.4
Mirafra javanica,23.0
Mirafra microptera,26.2
Mirafra passerina,24.7
Mirafra pulpa,21.9
Mirafra rufa,29.2
Mirafra rufocinnamomea,26.3
Mirafra somalica,46.6
Mirafra williamsi,29.2
Mitrephanes olivaceus,10.0
Mitrephanes phaeocercus,8.6
Mitrospingus cassinii,40.4
Mitrospingus oleagineus,41.3
Mitu mitu,2850.5
Mitu salvini,3100.0
Mitu tomentosum,2187.6
Mitu tuberosum,2769.5
Mixornis bornensis,11.8
Mixornis flavicollis,20.0
Mixornis gularis,11.8
Mixornis kelleyi,20.0
Mniotilta varia,10.9
Modulatrix stictigula,30.5
Mohoua albicilla,17.6
Mohoua novaeseelandiae,12.1
Mohoua ochrocephala,27.7
Molothrus aeneus,62.6
Molothrus ater,40.3
Molothrus bonariensis,41.5
Molothrus oryzivorus,181.9
Molothrus rufoaxillaris,47.5
Momotus aequatorialis,158.0
Momotus bahamensis,111.0
Momotus coeruliceps,118.0
Momotus lessonii,115.0
Momotus mexicanus,75.7
Momotus momota,115.0
Momotus subrufescens,97.1
Monachella muelleriana,24.5
Monarcha castaneiventris,27.3
Monarcha cinerascens,29.6
Monarcha erythrostictus,27.3
Monarcha frater,22.0
Monarcha godeffroyi,16.4
Monarcha melanopsis,22.7
Monarcha richardsii,27.3
Monarcha takatsukasae,16.4
Monasa atra,90.4
Monasa flavirostris,62.8
Monasa morphoeus,87.9
Monasa nigrifrons,80.7
Monias benschi,137.9
Montecincla cachinnans,40.3
Montecincla fairbanki,45.5
Montecincla jerdoni,43.8
Montecincla meridionalis,40.3
Monticola angolensis,44.4
Monticola brevipes,33.0
Monticola cinclorhyncha,36.0
Monticola explorator,44.4
Monticola gularis,34.6
Monticola imerina,28.3
Monticola rufiventris,53.2
Monticola rufocinereus,24.0
Monticola rupestris,61.4
Monticola saxatilis,50.3
Monticola sharpei,24.8
Monticola solitarius,53.7
Montifringilla adamsi,31.3
Montifringilla blanfordi,23.7
Montifringilla davidiana,21.2
Montifringilla henrici,40.0
Montifringilla nivalis,36.9
Montifringilla ruficollis,22.8
Montifringilla taczanowskii,32.5
Montifringilla theresae,24.3
Morococcyx erythropygus,64.5
Morphnarchus princeps,1000.0
Morphnus guianensis,1750.0
Morus bassanus,2998.7
Morus capensis,2643.4
Morus serrator,2350.0
Motacilla aguimp,27.0
Motacilla alba,23.9
Motacilla bocagii,7.0
Motacilla capensis,20.8
Motacilla cinerea,17.2
Motacilla citreola,19.1
Motacilla clara,17.9
Motacilla flava,17.7
Motacilla flaviventris,22.5
Motacilla grandis,30.2
Motacilla maderaspatensis,30.5
Motacilla samveasnae,22.7
Motacilla tschutschensis,18.5
Moupinia poecilotis,18.7
Mulleripicus fuliginosus,172.0
Mulleripicus fulvus,312.3
Mulleripicus funebris,164.0
Mulleripicus pulverulentus,450.2
Muscicapa adusta,10.4
Muscicapa aquatica,11.5
Muscicapa cassini,17.3
Muscicapa dauurica,9.8
Muscicapa epulata,9.6
Muscicapa ferruginea,12.0
Muscicapa gambagae,13.0
Muscicapa griseisticta,15.9
Muscicapa muttui,12.0
Muscicapa randi,20.1
Muscicapa segregata,9.8
Muscicapa sethsmithi,9.1
Muscicapa sibirica,13.2
Muscicapa sodhii,15.9
Muscicapa striata,15.9
Muscicapa williamsoni,9.8
Muscigralla brevicauda,12.6
Muscipipra vetula,27.0
Muscisaxicola albifrons,34.0
Muscisaxicola albilora,22.6
Muscisaxicola alpinus,26.1
Muscisaxicola capistratus,26.6
Muscisaxicola cinereus,18.6
Muscisaxicola flavinucha,36.2
Muscisaxicola frontalis,28.9
Muscisaxicola griseus,20.2
Muscisaxicola juninensis,22.2
Muscisaxicola maclovianus,23.8
Muscisaxicola maculirostris,14.2
Muscisaxicola rufivertex,20.0
Musophaga rossae,361.4
Musophaga violacea,360.0
Mustelirallus albicollis,100.0
Mustelirallus colombianus,58.3
Mustelirallus erythrops,58.3
Myadestes coloratus,28.9
Myadestes elisabeth,30.0
Myadestes genibarbis,29.2
Myadestes lanaiensis,50.0
Myadestes melanops,32.1
Myadestes obscurus,50.4
Myadestes occidentalis,36.4
Myadestes palmeri,39.6
Myadestes ralloides,29.1
Myadestes townsendi,33.2
Myadestes unicolor,37.9
Mycerobas affinis,83.0
Mycerobas carnipes,58.8
Mycerobas icterioides,67.0
Mycerobas melanozanthos,62.0
Mycteria americana,2554.5
Mycteria cinerea,2393.0
Mycteria ibis,2155.6
Mycteria leucocephala,3180.0
Myiagra albiventris,12.3
Myiagra alecto,23.6
Myiagra atra,12.3
Myiagra azureocapilla,12.9
Myiagra caledonica,10.8
Myiagra castaneigularis,12.9
Myiagra cervinicauda,11.5
Myiagra cyanoleuca,17.5
Myiagra erythrops,12.1
Myiagra ferrocyanea,12.8
Myiagra galeata,11.0
Myiagra hebetior,20.2
Myiagra inquieta,20.9
Myiagra nana,13.5
Myiagra oceanica,12.1
Myiagra pluto,12.1
Myiagra rubecula,12.1
Myiagra ruficollis,10.1
Myiagra vanikorensis,12.3
Myiarchus antillarum,23.4
Myiarchus apicalis,29.2
Myiarchus barbirostris,13.4
Myiarchus cephalotes,26.3
Myiarchus cinerascens,28.2
Myiarchus crinitus,32.1
Myiarchus ferox,27.5
Myiarchus magnirostris,14.7
Myiarchus nugator,37.0
Myiarchus nuttingi,23.0
Myiarchus oberi,34.7
Myiarchus panamensis,31.7
Myiarchus phaeocephalus,26.3
Myiarchus sagrae,19.3
Myiarchus semirufus,22.5
Myiarchus stolidus,20.8
Myiarchus swainsoni,25.1
Myiarchus tuberculifer,17.7
Myiarchus tyrannulus,35.5
Myiarchus validus,40.6
Myiarchus venezuelensis,29.8
Myiarchus yucatanensis,19.6
Myiobius atricaudus,10.0
Myiobius barbatus,11.0
Myiobius sulphureipygius,11.6
Myiobius villosus,14.1
Myioborus albifacies,15.0
Myioborus albifrons,11.3
Myioborus brunniceps,9.2
Myioborus cardonai,10.9
Myioborus castaneocapilla,10.9
Myioborus flavivertex,15.0
Myioborus melanocephalus,11.3
Myioborus miniatus,9.0
Myioborus ornatus,11.7
Myioborus pariae,10.9
Myioborus pictus,9.8
Myioborus torquatus,10.5
Myiodynastes bairdii,45.0
Myiodynastes chrysocephalus,38.3
Myiodynastes hemichrysus,43.4
Myiodynastes luteiventris,46.9
Myiodynastes maculatus,43.2
Myiomela diana,26.2
Myiomela leucura,26.8
Myiopagis caniceps,10.5
Myiopagis cotta,11.6
Myiopagis flavivertex,11.8
Myiopagis gaimardii,12.0
Myiopagis olallai,12.1
Myiopagis subplacens,15.9
Myiopagis viridicata,11.5
Myiophobus cryptoxanthus,9.8
Myiophobus fasciatus,9.9
Myiophobus flavicans,12.7
Myiophobus inornatus,11.2
Myiophobus phoenicomitra,11.0
Myiophobus roraimae,13.6
Myiopsitta monachus,120.0
Myiornis albiventris,5.5
Myiornis atricapillus,5.7
Myiornis auricularis,5.3
Myiornis ecaudatus,5.3
Myiotheretes fumigatus,33.4
Myiotheretes fuscorufus,31.7
Myiotheretes pernix,33.0
Myiotheretes striaticollis,61.2
Myiothlypis basilica,16.2
Myiothlypis bivittata,14.6
Myiothlypis chrysogaster,11.2
Myiothlypis cinereicollis,17.2
Myiothlypis conspicillata,13.7
Myiothlypis coronata,16.3
Myiothlypis flaveola,13.2
Myiothlypis fraseri,11.6
Myiothlypis fulvicauda,14.9
Myiothlypis leucoblephara,15.1
Myiothlypis leucophrys,18.1
Myiothlypis luteoviridis,12.9
Myiothlypis nigrocristata,13.6
Myiothlypis rivularis,13.5
Myiothlypis signata,11.3
Myiotriccus ornatus,9.9
Myiozetetes cayanensis,25.9
Myiozetetes granadensis,29.3
Myiozetetes luteiventris,19.0
Myiozetetes similis,28.0
Myophonus blighi,66.6
Myophonus borneensis,89.7
Myophonus caeruleus,158.0
Myophonus castaneus,89.7
Myophonus glaucinus,89.7
Myophonus horsfieldii,117.0
Myophonus insularis,117.0
Myophonus melanurus,66.6
Myophonus robinsoni,99.2
Myornis senilis,21.2
Myrmeciza longipes,27.9
Myrmecocichla aethiops,56.6
Myrmecocichla arnotti,39.6
Myrmecocichla collaris,28.5
Myrmecocichla formicivora,41.6
Myrmecocichla melaena,33.1
Myrmecocichla monticola,33.1
Myrmecocichla nigra,40.3
Myrmecocichla tholloni,41.6
Myrmelastes brunneiceps,25.7
Myrmelastes caurensis,39.4
Myrmelastes humaythae,25.7
Myrmelastes hyperythrus,41.0
Myrmelastes leucostigma,25.7
Myrmelastes rufifacies,25.7
Myrmelastes saturatus,25.7
Myrmelastes schistaceus,23.8
Myrmia micrura,2.3
Myrmoborus leucophrys,21.5
Myrmoborus lophotes,28.0
Myrmoborus lugubris,21.4
Myrmoborus melanurus,18.1
Myrmoborus myotherinus,18.8
Myrmochanes hemileucus,12.5
Myrmoderus eowilsoni,26.1
Myrmoderus ferrugineus,26.1
Myrmoderus loricatus,15.5
Myrmoderus ruficauda,26.0
Myrmoderus squamosus,18.5
Myrmophylax atrothorax,16.1
Myrmorchilus strigilatus,23.0
Myrmornis torquata,46.7
Myrmothera berlepschi,48.0
Myrmothera campanisona,47.0
Myrmothera dives,44.0
Myrmothera fulviventris,41.0
Myrmothera simplex,52.4
Myrmothera subcanescens,47.0
Myrmotherula ambigua,6.7
Myrmotherula assimilis,9.3
Myrmotherula axillaris,8.1
Myrmotherula behni,8.0
Myrmotherula brachyura,6.4
Myrmotherula cherriei,8.2
Myrmotherula fluminensis,8.1
Myrmotherula grisea,8.4
Myrmotherula ignota,7.1
Myrmotherula iheringi,8.0
Myrmotherula klagesi,7.8
Myrmotherula longicauda,8.3
Myrmotherula longipennis,9.4
Myrmotherula menetriesii,8.6
Myrmotherula minor,6.4
Myrmotherula multostriata,8.0
Myrmotherula pacifica,10.1
Myrmotherula schisticolor,9.6
Myrmotherula sclateri,8.4
Myrmotherula snowi,9.6
Myrmotherula sunensis,9.4
Myrmotherula surinamensis,8.3
Myrmotherula unicolor,11.5
Myrmotherula urosticta,8.4
Myrtis fanny,2.3
Mystacornis crossleyi,24.5
Myza celebensis,20.0
Myza sarasinorum,22.5
Myzomela adolphinae,7.4
Myzomela albigula,14.6
Myzomela blasii,14.9
Myzomela boiei,10.8
Myzomela caledonica,7.0
Myzomela cardinalis,13.8
Myzomela chermesina,10.8
Myzomela chloroptera,10.8
Myzomela cineracea,13.8
Myzomela cruentata,8.2
Myzomela dammermani,7.8
Myzomela eichhorni,10.8
Myzomela eques,13.9
Myzomela erythrocephala,7.8
Myzomela erythromelas,8.0
Myzomela irianawidodoae,32.2
Myzomela jugularis,8.7
Myzomela kuehni,10.8
Myzomela lafargei,12.8
Myzomela malaitae,13.8
Myzomela melanocephala,12.0
Myzomela nigrita,9.3
Myzomela nigriventris,13.5
Myzomela obscura,11.9
Myzomela pammelaena,15.8
Myzomela prawiradilagae,9.3
Myzomela pulchella,10.0
Myzomela rosenbergii,10.3
Myzomela rubratra,14.0
Myzomela sanguinolenta,8.3
Myzomela sclateri,10.5
Myzomela tristrami,13.3
Myzomela vulnerata,6.9
Myzomela wahe,8.0
Myzomela wakoloensis,7.9
Myzornis pyrrhoura,11.9
Nannopsittaca dachilleae,41.5
Nannopsittaca panychlora,44.1
Nannopterum auritum,1806.5
Nannopterum brasilianum,1239.3
Nannopterum harrisi,3016.6
Napothera albostriata,19.4
Napothera danjoui,35.5
Napothera epilepidota,16.0
Napothera malacoptila,19.4
Napothera naungmungensis,35.5
Napothera pasquieri,19.4
Nasica longirostris,92.0
Neafrapus boehmi,14.4
Neafrapus cassini,40.0
Necrosyrtes monachus,2043.0
Nectarinia bocagii,14.8
Nectarinia famosa,14.4
Nectarinia johnstoni,15.2
Nectarinia kilimensis,15.7
Nectarinia purpureiventris,11.5
Nectarinia tacazze,14.9
Nemosia pileata,16.0
Nemosia rourei,22.0
Nengetus cinereus,57.1
Neochmia phaeton,10.0
Neochmia temporalis,11.4
Neocichla gutturalis,66.7
Neocossyphus finschi,37.0
Neocossyphus fraseri,35.7
Neocossyphus poensis,51.8
Neocossyphus rufus,65.9
Neoctantes niger,32.0
Neodrepanis coruscans,6.5
Neodrepanis hypoxantha,7.1
Neolalage banksiana,16.8
Neolestes torquatus,22.5
Neomixis striatigula,8.3
Neomixis tenella,6.9
Neomixis viridis,7.0
Neomorphus geoffroyi,355.0
Neomorphus pucheranii,330.0
Neomorphus radiolosus,399.0
Neomorphus rufipennis,377.7
Neomorphus squamiger,355.0
Neopelma aurifrons,14.0
Neopelma chrysocephalum,15.5
Neopelma chrysolophum,14.2
Neopelma pallescens,18.2
Neopelma sulphureiventer,15.7
Neophedina cincta,23.4
Neophema bourkii,44.4
Neophema chrysogaster,45.9
Neophema chrysostoma,46.1
Neophema elegans,43.4
Neophema petrophila,53.2
Neophema pulchella,41.4
Neophema splendida,38.6
Neophron percnopterus,2082.0
Neopipo cinnamomea,7.7
Neopsittacus musschenbroekii,50.9
Neopsittacus pullicauda,33.2
Neosuthora davidiana,8.5
Neothraupis fasciata,26.8
Neotis denhami,3970.2
Neotis heuglinii,4098.8
Neotis ludwigii,3260.9
Neotis nuba,5440.0
Neoxolmis coronatus,46.8
Neoxolmis rubetra,36.3
Neoxolmis rufiventris,77.0
Neoxolmis salinarum,25.1
Nephelomyias lintoni,9.8
Nephelomyias ochraceiventris,10.5
Nephelomyias pulcher,9.5
Nephelornis oneilli,16.1
Nesillas brevicaudata,16.1
Nesillas lantzii,19.7
Nesillas longicaudata,19.7
Nesillas mariae,16.0
Nesillas typica,19.7
Nesocharis ansorgei,8.4
Nesocharis shelleyi,7.6
Nesoctites micromegas,32.2
Nesoenas mayeri,302.8
Nesofregetta fuliginosa,70.0
Nesophlox evelynae,2.4
Nesophlox lyrura,2.4
Nesopsar nigerrimus,39.0
Nesoptilotis flavicollis,28.7
Nesoptilotis leucotis,23.9
Nesospingus speculiferus,35.2
Nesospiza acunhae,28.5
Nesospiza questi,28.5
Nesospiza wilkinsi,43.2
Nesotriccus ridgwayi,11.0
Nestor meridionalis,428.0
Nestor notabilis,863.0
Netta erythrophthalma,780.4
Netta peposaca,1000.0
Netta rufina,1118.0
Nettapus auritus,266.0
Nettapus coromandelianus,391.3
Nettapus pulchellus,307.0
Newtonia amphichroa,12.3
Newtonia archboldi,7.8
Newtonia brunneicauda,10.1
Newtonia fanovanae,12.7
Nicator chloris,46.1
Nicator gularis,45.6
Nicator vireo,23.6
Nigrita bicolor,10.5
Nigrita canicapillus,18.7
Nigrita fusconotus,9.1
Nigrita luteifrons,13.2
Nilaus afer,19.1
Niltava davidi,24.2
Niltava grandis,30.3
Niltava macgrigoriae,12.0
Niltava sumatrana,20.5
Niltava sundara,21.1
Niltava vivida,33.0
Ninox affinis,146.0
Ninox boobook,282.2
Ninox burhani,99.0
Ninox connivens,578.0
Ninox forbesi,210.0
Ninox fusca,282.2
Ninox hantu,210.0
Ninox hypogramma,210.0
Ninox ios,86.0
Ninox jacquinoti,200.8
Ninox japonica,225.0
Ninox leventisi,127.9
Ninox meeki,265.0
Ninox mindorensis,113.0
Ninox natalis,184.0
Ninox novaeseelandiae,183.4
Ninox obscura,191.0
Ninox ochracea,99.0
Ninox odiosa,209.0
Ninox philippensis,127.9
Ninox plesseni,282.2
Ninox punctulata,151.0
Ninox randi,202.0
Ninox reyi,127.9
Ninox rotiensis,282.2
Ninox rudolfi,222.0
Ninox rufa,931.7
Ninox rumseyi,127.9
Ninox scutulata,191.0
Ninox spilocephala,137.0
Ninox spilonotus,178.0
Ninox squamipila,210.0
Ninox strenua,1346.0
Ninox sumbaensis,90.0
Ninox theomacha,125.0
Ninox variegata,179.0
Nipponia nippon,1900.0
Nisaetus alboniger,830.0
Nisaetus bartelsi,830.0
Nisaetus cirrhatus,1475.1
Nisaetus floris,1475.1
Nisaetus kelaarti,3005.0
Nisaetus lanceolatus,1168.0
Nisaetus nanus,557.8
Nisaetus nipalensis,3005.0
Nisaetus philippensis,1168.0
Nisaetus pinskeri,1168.0
Nok hualon,37.0
Nomonyx dominicus,365.0
Nonnula amaurocephala,15.5
Nonnula brunnea,25.0
Nonnula frontalis,15.7
Nonnula rubecula,18.4
Nonnula ruficapilla,22.0
Nonnula sclateri,16.0
Northiella haematogaster,85.9
Northiella narethae,85.9
Notharchus hyperrhynchus,95.9
Notharchus macrorhynchos,95.9
Notharchus ordii,52.8
Notharchus pectoralis,69.1
Notharchus swainsoni,73.8
Notharchus tectus,26.8
Nothocercus bonapartei,763.0
Nothocercus julius,693.0
Nothocercus nigrocapillus,540.0
Nothocrax urumutum,1700.0
Nothoprocta cinerascens,523.9
Nothoprocta curvirostris,376.0
Nothoprocta ornata,619.3
Nothoprocta pentlandii,300.7
Nothoprocta perdicaria,458.0
Nothoprocta taczanowskii,619.3
Nothura boraquira,283.0
Nothura darwinii,244.6
Nothura maculosa,257.5
Nothura minor,165.8
Notiomystis cincta,93.4
Notopholia corusca,56.1
Nucifraga caryocatactes,182.5
Nucifraga columbiana,129.8
Nucifraga multipunctata,191.0
Numenius americanus,583.9
Numenius arquata,803.0
Numenius borealis,350.1
Numenius madagascariensis,792.0
Numenius minutus,173.0
Numenius phaeopus,364.6
Numenius tahitiensis,400.1
Numenius tenuirostris,308.0
Numida meleagris,1299.0
Nyctanassa violacea,681.7
Nyctibius aethereus,440.5
Nyctibius bracteatus,51.7
Nyctibius grandis,547.0
Nyctibius griseus,172.0
Nyctibius jamaicensis,266.0
Nyctibius leucopterus,86.4
Nyctibius maculosus,170.3
Nycticorax caledonicus,856.0
Nycticorax nycticorax,810.0
Nycticryphes semicollaris,76.6
Nyctidromus albicollis,57.8
Nyctidromus anthonyi,35.9
Nyctiphrynus mcleodii,35.0
Nyctiphrynus ocellatus,39.6
Nyctiphrynus rosenbergi,52.0
Nyctiphrynus yucatanicus,24.5
Nyctipolus hirundinaceus,32.0
Nyctipolus nigrescens,35.7
Nyctiprogne leucopyga,27.3
Nyctiprogne vielliardi,41.0
Nyctyornis amictus,71.9
Nyctyornis athertoni,84.2
Nymphicus hollandicus,94.6
Nystalus chacuru,52.3
Nystalus maculatus,42.0
Nystalus obamai,43.0
Nystalus radiatus,61.0
Nystalus striolatus,47.0
Oceanites gracilis,16.7
Oceanites oceanicus,30.4
Oceanites pincoyae,26.0
Ochetorhynchus andaecola,30.9
Ochetorhynchus melanurus,40.0
Ochetorhynchus phoenicurus,30.2
Ochetorhynchus ruficaudus,36.3
Ochthoeca cinnamomeiventris,12.0
Ochthoeca diadema,11.5
Ochthoeca frontalis,10.0
Ochthoeca fumicolor,16.6
Ochthoeca jelskii,11.6
Ochthoeca leucophrys,13.1
Ochthoeca oenanthoides,17.7
Ochthoeca piurae,8.9
Ochthoeca pulchella,12.0
Ochthoeca rufipectoralis,10.0
Ochthornis littoralis,13.4
Ocreatus underwoodii,3.0
Ocyceros birostris,375.0
Ocyceros gingalensis,238.0
Ocyceros griseus,292.0
Ocyphaps lophotes,204.0
Odontophorus atrifrons,304.0
Odontophorus balliviani,317.4
Odontophorus capueira,425.4
Odontophorus columbianus,340.0
Odontophorus dialeucos,260.0
Odontophorus erythrops,335.0
Odontophorus gujanensis,314.1
Odontophorus guttatus,303.8
Odontophorus hyperythrus,339.3
Odontophorus leucolaemus,295.0
Odontophorus melanonotus,322.0
Odontophorus melanotis,335.0
Odontophorus speciosus,317.0
Odontophorus stellatus,335.8
Odontophorus strophium,302.0
Odontorchilus branickii,9.6
Odontorchilus cinereus,11.0
Oedistoma iliolophus,11.0
Oedistoma pygmaeum,5.8
Oena capensis,40.6
Oenanthe albifrons,20.6
Oenanthe albonigra,25.2
Oenanthe bottae,19.9
Oenanthe chrysopygia,22.7
Oenanthe cypriaca,16.6
Oenanthe deserti,19.8
Oenanthe dubia,19.4
Oenanthe familiaris,19.5
Oenanthe finschii,27.4
Oenanthe fusca,12.7
Oenanthe heuglini,19.9
Oenanthe hispanica,15.0
Oenanthe isabellina,29.4
Oenanthe leucopyga,27.9
Oenanthe leucura,41.0
Oenanthe lugens,22.4
Oenanthe lugentoides,22.4
Oenanthe lugubris,22.4
Oenanthe melanoleuca,15.0
Oenanthe melanura,15.2
Oenanthe moesta,30.2
Oenanthe monacha,21.6
Oenanthe oenanthe,25.4
Oenanthe phillipsi,19.6
Oenanthe picata,21.6
Oenanthe pileata,26.8
Oenanthe pleschanka,19.4
Oenanthe scotocerca,16.0
Oenanthe xanthoprymna,22.7
Ognorhynchus icterotis,285.0
Oncostoma cinereigulare,6.4
Oncostoma olivaceum,6.6
Oneillornis lunulatus,23.9
Oneillornis salvini,25.9
Onychognathus albirostris,137.3
Onychognathus blythii,100.0
Onychognathus frater,100.0
Onychognathus fulgidus,109.0
Onychognathus morio,132.9
Onychognathus nabouroup,102.4
Onychognathus neumanni,39.8
Onychognathus salvadorii,160.0
Onychognathus tenuirostris,118.0
Onychognathus tristramii,122.7
Onychognathus walleri,93.0
Onychoprion aleuticus,120.0
Onychoprion anaethetus,119.4
Onychoprion fuscatus,185.7
Onychoprion lunatus,120.0
Onychorhynchus coronatus,14.0
Ophrysia superciliosa,189.7
Opisthocomus hoazin,696.0
Opisthoprora euryptera,6.2
Oporornis agilis,13.3
Orchesticus abeillei,31.5
Oreocharis arfaki,19.7
Oreoica gutturalis,62.8
Oreolais pulcher,8.4
Oreolais ruwenzorii,9.9
Oreomystis bairdi,14.2
Oreonympha nobilis,7.7
Oreophasis derbianus,2071.5
Oreophilais robertsi,10.0
Oreopholus ruficollis,131.0
Oreopsar bolivianus,72.9
Oreopsittacus arfaki,20.2
Oreornis chrysogenys,69.5
Oreortyx pictus,233.0
Oreoscoptes montanus,44.2
Oreoscopus gutturalis,20.0
Oreostruthus fuliginosus,18.3
Oreothlypis gutturalis,9.5
Oreothlypis superciliosa,9.0
Oreothraupis arremonops,48.0
Oreotrochilus adela,7.9
Oreotrochilus chimborazo,8.2
Oreotrochilus cyanolaemus,8.1
Oreotrochilus estella,8.1
Oreotrochilus leucopleurus,8.2
Oreotrochilus melanogaster,9.1
Oreotrochilus stolzmanni,8.7
Oressochen jubatus,1250.0
Oressochen melanopterus,2037.0
Origma solitaria,14.3
Oriolia bernieri,52.0
Oriolus albiloris,38.6
Oriolus auratus,66.2
Oriolus bouroensis,109.0
Oriolus brachyrynchus,49.0
Oriolus chinensis,82.6
Oriolus chlorocephalus,49.0
Oriolus crassirostris,50.0
Oriolus cruentus,64.0
Oriolus decipiens,109.0
Oriolus flavocinctus,109.0
Oriolus forsteni,109.0
Oriolus hosii,64.0
Oriolus isabellae,46.1
Oriolus kundoo,65.6
Oriolus larvatus,66.1
Oriolus melanotis,95.2
Oriolus mellianus,93.0
Oriolus monacha,68.5
Oriolus nigripennis,56.7
Oriolus oriolus,79.0
Oriolus percivali,61.0
Oriolus phaeochromus,109.0
Oriolus sagittatus,95.2
Oriolus steerii,46.5
Oriolus szalayi,95.2
Oriolus tenuirostris,81.4
Oriolus traillii,73.7
Oriolus xanthonotus,45.0
Oriolus xanthornus,56.3
Oriturus superciliosus,41.4
Ornithion brunneicapillus,7.1
Ornithion inerme,7.0
Ornithion semiflavum,6.6
Ornorectes cristatus,79.0
Orochelidon andecola,17.0
Orochelidon flavipes,9.8
Orochelidon murina,11.7
Ortalis araucuan,547.7
Ortalis canicollis,539.0
Ortalis cinereiceps,493.0
Ortalis columbiana,547.7
Ortalis erythroptera,632.0
Ortalis garrula,532.0
Ortalis guttata,547.7
Ortalis leucogastra,495.8
Ortalis motmot,520.0
Ortalis poliocephala,760.0
Ortalis ruficauda,586.2
Ortalis ruficeps,520.0
Ortalis squamata,547.7
Ortalis superciliaris,520.0
Ortalis vetula,562.6
Ortalis wagleri,834.0
Orthogonys chloricterus,39.0
Orthonyx novaeguineae,58.1
Orthonyx spaldingii,149.9
Orthonyx temminckii,58.1
Orthopsittaca manilatus,372.0
Orthorhyncus cristatus,3.0
Orthotomus atrogularis,7.7
Orthotomus castaneiceps,12.8
Orthotomus chaktomuk,7.1
Orthotomus chloronotus,8.1
Orthotomus cinereiceps,9.0
Orthotomus derbianus,10.7
Orthotomus frontalis,8.0
Orthotomus nigriceps,9.8
Orthotomus ruficeps,7.0
Orthotomus samarensis,8.9
Orthotomus sepium,8.4
Orthotomus sericeus,10.8
Orthotomus sutorius,7.5
Ortygornis gularis,510.0
Ortygornis pondicerianus,249.9
Ortygornis sephaena,340.5
Ortygospiza atricollis,10.6
Ortyxelos meiffrenii,17.6
Otidiphaps nobilis,500.0
Otis tarda,6759.9
Otocichla mupinensis,62.5
Otus alfredi,67.5
Otus alius,95.0
Otus angelinae,82.2
Otus bakkamoena,138.5
Otus balli,67.5
Otus beccarii,114.0
Otus brookii,139.0
Otus brucei,84.4
Otus capnodes,119.0
Otus collari,81.9
Otus cyprius,92.0
Otus elegans,124.0
Otus enganensis,104.9
Otus everetti,125.0
Otus fuliginosus,92.0
Otus gurneyi,370.0
Otus hartlaubi,79.0
Otus icterorhynchus,73.3
Otus insularis,144.0
Otus ireneae,50.3
Otus jolandae,165.0
Otus lempiji,115.0
Otus lettia,139.0
Otus longicornis,82.9
Otus madagascariensis,104.0
Otus magicus,165.0
Otus manadensis,88.0
Otus mantananensis,106.0
Otus mayottensis,101.0
Otus megalotis,178.4
Otus mentawi,104.9
Otus mindorensis,106.0
Otus mirus,61.3
Otus moheliensis,105.0
Otus nigrorum,99.0
Otus pamelae,66.5
Otus pauliani,69.5
Otus pembaensis,67.0
Otus rufescens,76.5
Otus rutilus,101.0
Otus sagittatus,122.6
Otus scops,92.0
Otus semitorques,121.5
Otus senegalensis,67.0
Otus siaoensis,165.0
Otus silvicola,212.0
Otus socotranus,67.0
Otus spilocephalus,67.5
Otus sulaensis,88.0
Otus sunia,78.1
Otus thilohoffmanni,76.5
Otus umbra,95.0
Oxylabes madagascariensis,23.3
Oxypogon cyanolaemus,4.8
Oxypogon guerinii,4.8
Oxypogon lindenii,4.8
Oxypogon stuebelii,4.8
Oxyruncus cristatus,42.0
Oxyura australis,798.0
Oxyura ferruginea,608.2
Oxyura jamaicensis,608.2
Oxyura leucocephala,661.1
Oxyura maccoa,674.0
Oxyura vittata,642.7
Pachycare flavogriseum,16.2
Pachycephala albiventris,21.1
Pachycephala arctitorquis,22.4
Pachycephala aurea,23.8
Pachycephala balim,30.4
Pachycephala caledonica,22.7
Pachycephala chlorura,30.4
Pachycephala cinerea,21.0
Pachycephala citreogaster,24.4
Pachycephala collaris,30.4
Pachycephala feminina,30.4
Pachycephala flavifrons,41.5
Pachycephala fuliginosa,23.8
Pachycephala fulvotincta,30.4
Pachycephala griseonota,22.4
Pachycephala homeyeri,25.8
Pachycephala hyperythra,27.7
Pachycephala hypoxantha,22.3
Pachycephala implicata,34.5
Pachycephala inornata,30.8
Pachycephala jacquinoti,36.0
Pachycephala lanioides,38.7
Pachycephala leucogastra,18.5
Pachycephala lorentzi,19.4
Pachycephala macrorhyncha,26.9
Pachycephala melanorhyncha,32.3
Pachycephala melanura,23.8
Pachycephala mentalis,30.4
Pachycephala meyeri,19.0
Pachycephala modesta,18.3
Pachycephala monacha,26.0
Pachycephala nudigula,34.5
Pachycephala olivacea,41.2
Pachycephala orioloides,42.7
Pachycephala orpheus,15.5
Pachycephala pectoralis,30.4
Pachycephala phaionota,24.8
Pachycephala philippinensis,22.3
Pachycephala richardsi,34.5
Pachycephala rufiventris,22.5
Pachycephala rufogularis,36.6
Pachycephala schlegelii,22.7
Pachycephala simplex,17.4
Pachycephala soror,24.8
Pachycephala sulfuriventer,21.4
Pachycephala tenebrosa,46.0
Pachycephala vanikorensis,30.4
Pachycephala vitiensis,30.4
Pachycephalopsis hattamensis,34.6
Pachycephalopsis poliosoma,38.0
Pachycoccyx audeberti,102.9
Pachyphantes superciliosus,21.4
Pachyptila belcheri,145.0
Pachyptila crassirostris,138.3
Pachyptila desolata,147.0
Pachyptila salvini,159.0
Pachyptila turtur,137.0
Pachyptila vittata,196.0
Pachyramphus aglaiae,29.7
Pachyramphus albogriseus,17.3
Pachyramphus castaneus,19.5
Pachyramphus cinnamomeus,20.3
Pachyramphus homochrous,37.3
Pachyramphus major,24.8
Pachyramphus marginatus,18.4
Pachyramphus minor,36.6
Pachyramphus niger,40.2
Pachyramphus polychopterus,20.8
Pachyramphus rufus,18.8
Pachyramphus spodiurus,18.2
Pachyramphus surinamus,19.7
Pachyramphus validus,43.0
Pachyramphus versicolor,15.5
Pachyramphus viridis,21.0
Pachysylvia aurantiifrons,9.5
Pachysylvia decurtata,8.5
Pachysylvia hypoxantha,17.0
Pachysylvia muscicapina,11.7
Pachysylvia semibrunnea,11.4
Padda fuscata,20.7
Padda oryzivora,24.8
Pagodroma nivea,268.0
Pagophila eburnea,550.0
Palmeria dolei,26.1
Paludipasser locustella,10.6
Pampa curvipennis,6.0
Pampa excellens,6.0
Pampa rufa,7.1
Pandion haliaetus,1483.2
Panterpe insignis,5.7
Panurus biarmicus,13.8
Panyptila cayennensis,21.1
Panyptila sanctihieronymi,48.1
Papasula abbotti,1550.7
Parabuteo leucorrhous,290.0
Parabuteo unicinctus,850.3
Paraclaravis geoffroyi,43.5
Paraclaravis mondetoura,89.7
Paradigalla brevicauda,167.9
Paradigalla carunculata,170.0
Paradisaea apoda,172.0
Paradisaea decora,237.0
Paradisaea guilielmi,256.0
Paradisaea minor,207.9
Paradisaea raggiana,212.6
Paradisaea rubra,178.2
Paradisaea rudolphi,164.1
Paradoxornis flavirostris,26.0
Paradoxornis guttaticollis,26.0
Paragallinula angulata,130.0
Paramythia montium,41.8
Parayuhina diademata,22.0
Pardalotus punctatus,8.7
Pardalotus quadragintus,10.7
Pardalotus rubricatus,10.9
Pardalotus striatus,11.4
Pardirallus maculatus,171.0
Pardirallus nigricans,217.0
Pardirallus sanguinolentus,232.0
Parkerthraustes humeralis,37.0
Parkesia motacilla,19.9
Parkesia noveboracensis,16.3
Parmoptila jamesoni,9.5
Parmoptila rubrifrons,9.5
Parmoptila woodhousei,9.4
Paroaria baeri,25.8
Paroaria capitata,22.3
Paroaria coronata,37.8
Paroaria dominicana,33.2
Paroaria gularis,23.6
Paroaria nigrogenis,21.5
Paroreomyza maculata,11.3
Paroreomyza montana,13.1
Parotia berlepschi,163.2
Parotia carolae,163.2
Parotia lawesii,161.4
Parotia sefilata,181.7
Parotia wahnesi,158.0
Parus cinereus,14.4
Parus major,16.3
Parus minor,15.5
Parus monticolus,14.0
Parvipsitta porphyrocephala,44.7
Parvipsitta pusilla,39.4
Passer ammodendri,28.9
Passer castanopterus,18.0
Passer cinnamomeus,18.5
Passer cordofanicus,22.0
Passer diffusus,24.2
Passer domesticus,26.5
Passer eminibey,13.4
Passer euchlorus,14.0
Passer flaveolus,19.4
Passer gongonensis,39.9
Passer griseus,27.8
Passer hemileucus,30.2
Passer hispaniolensis,24.2
Passer iagoensis,31.5
Passer insularis,27.3
Passer italiae,28.3
Passer luteus,11.2
Passer melanurus,29.5
Passer moabiticus,16.5
Passer montanus,21.4
Passer motitensis,30.2
Passer pyrrhonotus,22.0
Passer rufocinctus,27.8
Passer shelleyi,22.0
Passer simplex,19.5
Passer suahelicus,25.0
Passer swainsonii,31.6
Passer zarudnyi,19.5
Passerculus sandwichensis,20.0
Passerella iliaca,33.3
Passerina amoena,15.5
Passerina caerulea,27.4
Passerina ciris,15.5
Passerina cyanea,14.7
Passerina leclancherii,14.0
Passerina rositae,20.0
Passerina versicolor,12.9
Pastor roseus,73.0
Patagioenas araucana,270.0
Patagioenas caribaea,250.0
Patagioenas cayennensis,229.0
Patagioenas corensis,272.3
Patagioenas fasciata,366.3
Patagioenas flavirostris,270.8
Patagioenas goodsoni,176.0
Patagioenas inornata,365.0
Patagioenas leucocephala,240.1
Patagioenas maculosa,347.0
Patagioenas nigrirostris,176.0
Patagioenas oenops,264.6
Patagioenas picazuro,279.0
Patagioenas plumbea,178.8
Patagioenas speciosa,258.5
Patagioenas squamosa,312.0
Patagioenas subvinacea,162.5
Patagona gigas,20.2
Pauxi koepckeae,3743.2
Pauxi pauxi,3117.7
Pauxi unicornis,3743.2
Pavo cristatus,4154.8
Pavo muticus,2205.7
Pedionomus torquatus,62.5
Pelagodroma marina,47.2
Pelargopsis amauroptera,162.0
Pelargopsis capensis,178.7
Pelargopsis melanorhyncha,193.3
Pelecanoides garnotii,219.7
Pelecanoides georgicus,121.0
Pelecanoides magellani,134.0
Pelecanoides urinatrix,152.1
Pelecanus conspicillatus,5505.0
Pelecanus crispus,9512.1
Pelecanus erythrorhynchos,5608.5
Pelecanus occidentalis,3427.8
Pelecanus onocrotalus,9322.3
Pelecanus philippensis,5011.0
Pelecanus rufescens,5419.6
Pelecanus thagus,3427.8
Peliperdix lathami,269.0
Pellorneum albiventre,21.5
Pellorneum bicolor,27.2
Pellorneum buettikoferi,17.1
Pellorneum capistratum,25.1
Pellorneum celebense,23.6
Pellorneum cinereiceps,23.9
Pellorneum fuscocapillus,30.0
Pellorneum malaccense,21.4
Pellorneum palustre,21.5
Pellorneum pyrrogenys,23.2
Pellorneum rostratum,21.0
Pellorneum ruficeps,26.0
Pellorneum tickelli,17.1
Peltohyas australis,83.5
Peltops blainvillii,30.0
Peltops montanus,31.6
Penelope albipennis,1750.0
Penelope argyrotis,806.7
Penelope barbata,665.0
Penelope bridgesi,1770.0
Penelope dabbenei,1230.0
Penelope jacquacu,1487.9
Penelope jacucaca,1400.0
Penelope marail,879.7
Penelope montagnii,706.0
Penelope obscura,1770.0
Penelope ochrogaster,1249.8
Penelope ortoni,872.0
Penelope perspicax,1197.0
Penelope pileata,1249.8
Penelope purpurascens,2060.0
Penelope superciliaris,895.0
Penelopides affinis,485.1
Penelopides manillae,460.9
Penelopides mindorensis,462.0
Penelopides panini,470.5
Penelopides samarensis,510.0
Penelopina nigra,890.0
Peneothello bimaculata,23.8
Peneothello cryptoleuca,18.9
Peneothello cyanus,25.0
Peneothello sigillata,22.8
Percnostola arenarum,23.0
Percnostola rufifrons,23.9
Perdicula argoondah,60.5
Perdicula asiatica,68.4
Perdicula erythrorhyncha,67.6
Perdicula manipurensis,70.7
Perdix dauurica,263.4
Perdix hodgsoniae,363.7
Perdix perdix,405.3
Pericrocotus albifrons,10.8
Pericrocotus brevirostris,16.5
Pericrocotus cantonensis,16.3
Pericrocotus cinnamomeus,8.6
Pericrocotus divaricatus,24.6
Pericrocotus erythropygius,10.8
Pericrocotus ethologus,19.0
Pericrocotus flammeus,23.3
Pericrocotus igneus,15.0
Pericrocotus lansbergei,16.3
Pericrocotus miniatus,16.3
Pericrocotus roseus,19.2
Pericrocotus solaris,14.5
Pericrocotus speciosus,23.3
Pericrocotus tegimae,21.0
Periparus amabilis,12.7
Periparus ater,9.2
Periparus elegans,12.8
Periparus rubidiventris,11.8
Periparus rufonuchalis,12.6
Periparus venustulus,10.6
Periporphyrus erythromelas,48.0
Perisoreus canadensis,71.6
Perisoreus infaustus,84.4
Perisoreus internigrans,102.0
Perissocephalus tricolor,338.9
Pernis apivorus,754.4
Pernis celebensis,722.0
Pernis ptilorhynchus,1141.1
Pernis steerei,722.0
Petrochelidon ariel,10.8
Petrochelidon fluvicola,9.7
Petrochelidon fulva,19.0
Petrochelidon nigricans,15.4
Petrochelidon perdita,20.6
Petrochelidon preussi,13.3
Petrochelidon pyrrhonota,21.6
Petrochelidon rufigula,15.9
Petrochelidon rufocollaris,15.9
Petrochelidon spilodera,20.6
Petroica archboldi,12.2
Petroica australis,31.3
Petroica bivittata,9.0
Petroica boodang,12.5
Petroica goodenovii,8.9
Petroica longipes,31.3
Petroica macrocephala,11.8
Petroica multicolor,11.4
Petroica phoenicea,13.0
Petroica pusilla,11.4
Petroica rodinogaster,10.2
Petroica rosea,8.2
Petroica traversi,23.5
Petronia petronia,30.2
Petrophassa albipennis,124.3
Petrophassa rufipennis,159.0
Peucaea aestivalis,19.6
Peucaea botterii,19.9
Peucaea carpalis,15.3
Peucaea cassinii,18.9
Peucaea humeralis,23.9
Peucaea mystacalis,22.2
Peucaea ruficauda,28.2
Peucaea sumichrasti,29.4
Peucedramus taeniatus,11.0
Pezopetes capitalis,55.8
Pezoporus occidentalis,130.0
Pezoporus wallicus,71.2
Phacellodomus dorsalis,35.9
Phacellodomus erythrophthalmus,24.5
Phacellodomus ferrugineigula,24.5
Phacellodomus maculipectus,21.9
Phacellodomus ruber,41.0
Phacellodomus rufifrons,24.6
Phacellodomus sibilatrix,15.5
Phacellodomus striaticeps,29.1
Phacellodomus striaticollis,25.7
Phaenicophaeus curvirostris,154.0
Phaenicophaeus diardi,62.1
Phaenicophaeus pyrrhocephalus,91.9
Phaenicophaeus sumatranus,91.9
Phaenicophaeus tristis,117.0
Phaenicophaeus viridirostris,67.0
Phaenicophilus palmarum,30.5
Phaenicophilus poliocephalus,31.0
Phaenostictus mcleannani,51.1
Phaeochroa cuvierii,8.9
Phaeomyias murina,10.0
Phaeoptila sordida,4.0
Phaethon aethereus,750.0
Phaethon lepturus,328.0
Phaethon rubricauda,671.9
Phaethornis aethopygus,3.0
Phaethornis anthophilus,5.9
Phaethornis atrimentalis,2.6
Phaethornis augusti,6.0
Phaethornis bourcieri,4.3
Phaethornis eurynome,5.3
Phaethornis griseogularis,2.3
Phaethornis guy,6.3
Phaethornis hispidus,5.0
Phaethornis idaliae,2.6
Phaethornis koepckeae,5.0
Phaethornis longirostris,6.0
Phaethornis longuemareus,3.0
Phaethornis malaris,5.9
Phaethornis mexicanus,6.0
Phaethornis nattereri,3.1
Phaethornis philippii,5.0
Phaethornis pretrei,5.6
Phaethornis ruber,2.4
Phaethornis rupurumii,3.7
Phaethornis squalidus,3.4
Phaethornis striigularis,3.0
Phaethornis stuarti,2.9
Phaethornis subochraceus,3.8
Phaethornis superciliosus,6.3
Phaethornis syrmatophorus,5.8
Phaethornis yaruqui,5.4
Phaetusa simplex,235.0
Phainopepla nitens,22.1
Phainoptila melanoxantha,56.0
Phalacrocorax capensis,1211.7
Phalacrocorax capillatus,2801.8
Phalacrocorax carbo,2529.0
Phalacrocorax featherstoni,1041.9
Phalacrocorax fuscescens,1515.0
Phalacrocorax fuscicollis,706.0
Phalacrocorax neglectus,1944.2
Phalacrocorax nigrogularis,1560.0
Phalacrocorax punctatus,1184.7
Phalacrocorax sulcirostris,995.0
Phalacrocorax varius,1940.7
Phalaenoptilus nuttallii,48.3
Phalaropus fulicarius,55.6
Phalaropus lobatus,36.7
Phalaropus tricolor,59.4
Phalcoboenus albogularis,809.0
Phalcoboenus australis,1187.0
Phalcoboenus carunculatus,788.0
Phalcoboenus megalopterus,788.0
Phapitreron amethystinus,145.0
Phapitreron brunneiceps,146.0
Phapitreron cinereiceps,146.0
Phapitreron leucotis,108.0
Phaps chalcoptera,330.7
Phaps elegans,211.4
Phaps histrionica,289.0
Pharomachrus antisianus,152.1
Pharomachrus auriceps,180.0
Pharomachrus fulgidus,160.0
Pharomachrus mocinno,202.5
Pharomachrus pavoninus,163.0
Phasianus colchicus,1120.3
Phedina borbonica,22.2
Phedina brazzae,13.0
Phegornis mitchellii,35.5
Phelpsia inornata,29.4
Pheucticus aureoventris,49.0
Pheucticus chrysogaster,55.8
Pheucticus chrysopeplus,77.6
Pheucticus ludovicianus,42.0
Pheucticus melanocephalus,47.1
Pheucticus tibialis,62.3
Pheugopedius atrogularis,24.2
Pheugopedius coraya,17.2
Pheugopedius eisenmanni,23.1
Pheugopedius euophrys,30.3
Pheugopedius fasciatoventris,24.0
Pheugopedius felix,12.8
Pheugopedius genibarbis,19.2
Pheugopedius maculipectus,15.0
Pheugopedius mystacalis,29.0
Pheugopedius rutilus,16.5
Pheugopedius sclateri,20.0
Pheugopedius spadix,19.1
Phibalura flavirostris,46.5
Philemon albitorques,85.7
Philemon argenticeps,80.4
Philemon brassi,85.7
Philemon buceroides,108.6
Philemon citreogularis,60.6
Philemon cockerelli,154.1
Philemon corniculatus,100.7
Philemon diemenensis,65.9
Philemon eichhorni,101.0
Philemon fuscicapillus,85.7
Philemon inornatus,85.7
Philemon kisserensis,62.8
Philemon meyeri,52.0
Philemon moluccensis,85.7
Philemon plumigenis,85.7
Philemon subcorniculatus,194.0
Philentoma pyrhoptera,16.9
Philentoma velata,26.1
Philepitta castanea,35.4
Philepitta schlegeli,27.9
Philesturnus carunculatus,74.7
Philesturnus rufusater,74.7
Philetairus socius,27.4
Philodice bryantae,3.3
Philodice mitchellii,3.1
Philortyx fasciatus,130.0
Philydor atricapillus,22.2
Philydor erythrocercum,25.3
Philydor fuscipenne,26.5
Philydor pyrrhodes,30.5
Phimosus infuscatus,559.0
Phlegopsis borbae,50.0
Phlegopsis erythroptera,54.6
Phlegopsis nigromaculata,45.2
Phleocryptes melanops,14.6
Phlogophilus harterti,2.7
Phlogophilus hemileucurus,2.8
Phodilus assimilis,280.2
Phodilus badius,280.2
Phodilus prigoginei,195.0
Phoebastria albatrus,4411.0
Phoebastria immutabilis,3145.9
Phoebastria irrorata,3376.4
Phoebastria nigripes,3188.4
Phoebetria fusca,2553.7
Phoebetria palpebrata,3150.0
Phoenicircus carnifex,82.9
Phoenicircus nigricollis,96.3
Phoeniconaias minor,1500.0
Phoenicoparrus andinus,4900.0
Phoenicoparrus jamesi,2000.0
Phoenicopterus chilensis,2277.0
Phoenicopterus roseus,3031.6
Phoenicopterus ruber,3031.6
Phoeniculus bollei,54.6
Phoeniculus castaneiceps,24.4
Phoeniculus damarensis,81.8
Phoeniculus purpureus,73.2
Phoeniculus somaliensis,26.5
Phoenicurus alaschanicus,16.8
Phoenicurus auroreus,16.2
Phoenicurus bicolor,23.0
Phoenicurus coeruleocephala,14.9
Phoenicurus erythrogastrus,24.5
Phoenicurus erythronotus,18.5
Phoenicurus frontalis,15.8
Phoenicurus fuliginosus,20.3
Phoenicurus hodgsoni,17.0
Phoenicurus leucocephalus,30.0
Phoenicurus moussieri,14.9
Phoenicurus ochruros,16.5
Phoenicurus phoenicurus,14.6
Phoenicurus schisticeps,18.1
Pholia sharpii,41.0
Pholidornis rushiae,6.0
Phonipara canora,8.1
Phonygammus keraudrenii,154.7
Phragmacia substriata,10.6
Phrygilus atriceps,24.3
Phrygilus gayi,25.6
Phrygilus patagonicus,22.6
Phrygilus punensis,37.2
Phylidonyris niger,18.2
Phylidonyris novaehollandiae,20.2
Phylidonyris pyrrhopterus,16.3
Phyllastrephus albigula,14.3
Phyllastrephus albigularis,24.5
Phyllastrephus baumanni,27.5
Phyllastrephus cabanisi,34.4
Phyllastrephus cerviniventris,27.0
Phyllastrephus debilis,14.3
Phyllastrephus fischeri,27.0
Phyllastrephus flavostriatus,28.3
Phyllastrephus fulviventris,33.3
Phyllastrephus hypochloris,23.1
Phyllastrephus icterinus,18.9
Phyllastrephus lorenzi,19.0
Phyllastrephus poensis,28.9
Phyllastrephus poliocephalus,53.0
Phyllastrephus scandens,43.8
Phyllastrephus strepitans,27.1
Phyllastrephus terrestris,31.1
Phyllastrephus xavieri,22.6
Phyllergates cucullatus,5.9
Phyllergates heterolaemus,8.3
Phyllolais pulchella,6.0
Phyllomyias burmeisteri,11.1
Phyllomyias cinereiceps,9.5
Phyllomyias fasciatus,10.3
Phyllomyias griseiceps,7.2
Phyllomyias griseocapilla,8.0
Phyllomyias nigrocapillus,9.5
Phyllomyias plumbeiceps,10.3
Phyllomyias reiseri,7.5
Phyllomyias sclateri,9.2
Phyllomyias urichi,9.1
Phyllomyias uropygialis,9.0
Phyllomyias virescens,8.2
Phyllomyias weedeni,8.5
Phylloscartes beckeri,8.7
Phylloscartes ceciliae,7.6
Phylloscartes chapmani,8.0
Phylloscartes difficilis,6.9
Phylloscartes eximius,7.5
Phylloscartes flaviventris,8.0
Phylloscartes flavovirens,8.8
Phylloscartes gualaquizae,8.0
Phylloscartes kronei,8.3
Phylloscartes lanyoni,8.0
Phylloscartes nigrifrons,9.1
Phylloscartes ophthalmicus,9.2
Phylloscartes orbitalis,7.1
Phylloscartes oustaleti,10.0
Phylloscartes parkeri,8.1
Phylloscartes paulista,7.5
Phylloscartes poecilotis,8.0
Phylloscartes roquettei,6.0
Phylloscartes superciliaris,7.7
Phylloscartes sylviolus,8.0
Phylloscartes venezuelanus,9.0
Phylloscartes ventralis,8.3
Phylloscartes virescens,8.5
Phylloscopus affinis,7.0
Phylloscopus amoenus,10.5
Phylloscopus armandii,9.4
Phylloscopus bonelli,8.7
Phylloscopus borealis,10.9
Phylloscopus borealoides,9.8
Phylloscopus budongoensis,8.2
Phylloscopus burkii,7.3
Phylloscopus calciatilis,6.0
Phylloscopus canariensis,7.3
Phylloscopus cantator,6.0
Phylloscopus castaniceps,5.3
Phylloscopus cebuensis,9.0
Phylloscopus chloronotus,4.9
Phylloscopus claudiae,7.6
Phylloscopus collybita,8.3
Phylloscopus coronatus,10.1
Phylloscopus emeiensis,10.5
Phylloscopus examinandus,10.9
Phylloscopus forresti,5.4
Phylloscopus fuligiventer,8.8
Phylloscopus fuscatus,8.7
Phylloscopus goodsoni,7.6
Phylloscopus grammiceps,5.0
Phylloscopus griseolus,7.6
Phylloscopus hainanus,9.5
Phylloscopus herberti,8.9
Phylloscopus humei,6.0
Phylloscopus ibericus,8.3
Phylloscopus ijimae,8.7
Phylloscopus inornatus,6.6
Phylloscopus intensior,6.4
Phylloscopus intermedius,6.9
Phylloscopus kansuensis,6.6
Phylloscopus laetus,9.5
Phylloscopus laurae,8.5
Phylloscopus maculipennis,5.1
Phylloscopus maforensis,10.8
Phylloscopus magnirostris,11.6
Phylloscopus makirensis,10.8
Phylloscopus misoriensis,10.8
Phylloscopus montis,6.4
Phylloscopus neglectus,5.3
Phylloscopus nitidus,7.8
Phylloscopus occipitalis,9.0
Phylloscopus occisinensis,7.0
Phylloscopus ogilviegranti,6.4
Phylloscopus olivaceus,9.7
Phylloscopus omeiensis,7.3
Phylloscopus orientalis,8.5
Phylloscopus plumbeitarsus,8.6
Phylloscopus poliocephalus,10.8
Phylloscopus poliogenys,6.3
Phylloscopus presbytes,9.5
Phylloscopus proregulus,6.0
Phylloscopus pulcher,6.8
Phylloscopus reguloides,7.6
Phylloscopus ricketti,6.3
Phylloscopus rotiensis,9.5
Phylloscopus ruficapilla,7.7
Phylloscopus sarasinorum,10.0
Phylloscopus schwarzi,11.4
Phylloscopus sibilatrix,9.2
Phylloscopus sindianus,7.5
Phylloscopus soror,7.3
Phylloscopus subaffinis,6.2
Phylloscopus subviridis,5.5
Phylloscopus tenellipes,11.8
Phylloscopus tephrocephalus,7.3
Phylloscopus trivirgatus,9.0
Phylloscopus trochiloides,8.1
Phylloscopus trochilus,8.7
Phylloscopus tytleri,7.2
Phylloscopus umbrovirens,8.6
Phylloscopus valentini,7.3
Phylloscopus whistleri,7.3
Phylloscopus xanthodryas,10.9
Phylloscopus xanthoschistos,6.9
Phylloscopus yunnanensis,6.0
Phytotoma raimondii,39.8
Phytotoma rara,47.0
Phytotoma rutila,40.5
Piaya cayana,102.0
Piaya melanogaster,102.8
Pica asirensis,200.0
Pica bottanensis,217.5
Pica hudsonia,177.1
Pica mauritanica,217.5
Pica nuttalli,158.3
Pica pica,217.5
Pica serica,217.5
Picathartes gymnocephalus,196.0
Picathartes oreas,220.0
Picoides arcticus,69.2
Picoides dorsalis,65.5
Picoides tridactylus,65.5
Piculus aurulentus,75.0
Piculus callopterus,51.0
Piculus chrysochloros,88.0
Piculus flavigula,55.0
Piculus leucolaemus,69.0
Piculus litae,69.0
Piculus simplex,55.0
Picumnus albosquamatus,11.9
Picumnus aurifrons,8.9
Picumnus castelnau,11.4
Picumnus cinnamomeus,11.3
Picumnus cirratus,10.2
Picumnus dorbignyanus,9.6
Picumnus exilis,9.3
Picumnus fuscus,11.3
Picumnus granadensis,12.2
Picumnus innominatus,10.2
Picumnus lafresnayi,9.5
Picumnus limae,11.3
Picumnus minutissimus,13.3
Picumnus nebulosus,11.6
Picumnus olivaceus,10.6
Picumnus pumilus,9.5
Picumnus pygmaeus,11.0
Picumnus rufiventris,21.0
Picumnus sclateri,11.0
Picumnus spilogaster,13.2
Picumnus squamulatus,10.2
Picumnus steindachneri,9.9
Picumnus subtilis,10.4
Picumnus temminckii,11.5
Picumnus varzeae,11.5
Picus awokera,143.0
Picus canus,137.0
Picus chlorolophus,65.4
Picus erythropygius,116.2
Picus puniceus,79.1
Picus rabieri,111.4
Picus sharpei,176.0
Picus squamatus,170.0
Picus vaillantii,176.0
Picus viridanus,111.4
Picus viridis,176.0
Picus vittatus,108.1
Picus xanthopygaeus,99.7
Piezorina cinerea,32.2
Pilherodius pileatus,568.6
Pinarochroa sordida,21.0
Pinarocorys erythropygia,30.1
Pinarocorys nigricans,38.1
Pinaroloxias inornata,13.1
Pinarornis plumosus,65.8
Pinicola enucleator,56.4
Pionites leucogaster,155.0
Pionites melanocephalus,148.8
Pionopsitta pileata,119.0
Pionus chalcopterus,210.0
Pionus fuscus,206.0
Pionus maximiliani,293.0
Pionus menstruus,251.0
Pionus senilis,212.0
Pionus sordidus,266.0
Pionus tumultuosus,239.0
Pipile cujubi,1195.8
Pipile cumanensis,1239.2
Pipile jacutinga,1241.0
Pipile pipile,1816.6
Pipilo chlorurus,29.4
Pipilo erythrophthalmus,40.0
Pipilo maculatus,39.3
Pipilo ocai,61.0
Pipra aureola,16.1
Pipra fasciicauda,15.9
Pipra filicauda,15.4
Pipraeidea melanonota,21.0
Pipreola arcuata,118.0
Pipreola aureopectus,46.0
Pipreola chlorolepidota,29.5
Pipreola formosa,47.2
Pipreola frontalis,42.4
Pipreola intermedia,51.2
Pipreola jucunda,57.0
Pipreola lubomirskii,57.0
Pipreola pulchra,58.2
Pipreola riefferii,49.3
Pipreola whitelyi,50.0
Piprites chloris,16.0
Piprites griseiceps,16.0
Piprites pileata,15.0
Piranga bidentata,36.1
Piranga erythrocephala,21.8
Piranga flava,37.7
Piranga leucoptera,16.0
Piranga ludoviciana,28.1
Piranga olivacea,28.2
Piranga roseogularis,24.0
Piranga rubra,29.1
Piranga rubriceps,35.9
Pitangus lictor,25.5
Pitangus sulphuratus,62.9
Pithecophaga jefferyi,5175.3
Pithys albifrons,19.5
Pithys castaneus,29.8
Pitohui cerviniventris,72.0
Pitohui dichrous,92.9
Pitohui kirhocephalus,72.0
Pitohui uropygialis,72.0
Pitta anerythra,86.0
Pitta angolensis,62.7
Pitta brachyura,55.5
Pitta concinna,56.6
Pitta elegans,56.6
Pitta iris,62.2
Pitta maxima,190.0
Pitta megarhyncha,106.0
Pitta moluccensis,76.0
Pitta nympha,88.3
Pitta reichenowi,62.7
Pitta sordida,64.5
Pitta steerii,94.8
Pitta superba,115.0
Pitta versicolor,88.9
Pitta vigorsii,56.6
Pittasoma michleri,109.0
Pittasoma rufopileatum,96.5
Pityriasis gymnocephala,128.5
Platalea ajaja,1490.0
Platalea alba,1521.0
Platalea flavipes,1741.3
Platalea leucorodia,1868.0
Platalea minor,1228.0
Platalea regia,1723.5
Platycercus adscitus,111.0
Platycercus caledonicus,132.6
Platycercus elegans,123.9
Platycercus eximius,104.0
Platycercus icterotis,63.3
Platycercus venustus,89.4
Platylophus galericulatus,77.9
Platyrinchus cancrominus,9.2
Platyrinchus coronatus,9.1
Platyrinchus flavigularis,10.0
Platyrinchus leucoryphus,16.0
Platyrinchus mystaceus,9.7
Platyrinchus platyrhynchos,12.0
Platyrinchus saturatus,10.7
Platysmurus leucopterus,180.0
Platyspiza crassirostris,35.5
Platysteira albifrons,12.2
Platysteira blissetti,11.0
Platysteira castanea,14.1
Platysteira chalybea,11.0
Platysteira concreta,11.4
Platysteira cyanea,14.6
Platysteira hormophora,12.8
Platysteira jamesoni,11.0
Platysteira laticincta,13.7
Platysteira peltata,13.7
Platysteira tonsa,11.5
Plectorhyncha lanceolata,40.6
Plectrophenax hyperboreus,54.5
Plectrophenax nivalis,42.2
Plectropterus gambensis,3869.0
Plegadis chihi,616.9
Plegadis falcinellus,626.6
Plegadis ridgwayi,579.4
Plocepasser donaldsoni,39.9
Plocepasser mahali,41.5
Plocepasser rufoscapulatus,44.6
Plocepasser superciliosus,37.1
Ploceus albinucha,27.2
Ploceus alienus,22.2
Ploceus angolensis,26.6
Ploceus aurantius,23.0
Ploceus aureonucha,26.6
Ploceus badius,22.0
Ploceus baglafecht,31.6
Ploceus bannermani,30.8
Ploceus batesi,26.6
Ploceus benghalensis,19.8
Ploceus bertrandi,39.0
Ploceus bicolor,34.5
Ploceus bojeri,22.4
Ploceus burnieri,18.0
Ploceus capensis,44.0
Ploceus castaneiceps,18.5
Ploceus castanops,21.4
Ploceus cucullatus,36.1
Ploceus dichrocephalus,18.5
Ploceus dorsomaculatus,26.6
Ploceus flavipes,46.3
Ploceus galbula,21.7
Ploceus golandi,23.5
Ploceus grandis,63.5
Ploceus heuglini,22.8
Ploceus hypoxanthus,18.6
Ploceus insignis,27.5
Ploceus intermedius,20.6
Ploceus jacksoni,23.4
Ploceus katangae,18.5
Ploceus luteolus,15.1
Ploceus manyar,17.4
Ploceus megarhynchus,34.3
Ploceus melanocephalus,23.0
Ploceus melanogaster,22.4
Ploceus nelicourvi,23.8
Ploceus nicolli,29.8
Ploceus nigerrimus,34.3
Ploceus nigricollis,27.1
Ploceus nigrimentus,26.6
Ploceus ocularis,25.2
Ploceus olivaceiceps,20.8
Ploceus pelzelni,12.7
Ploceus philippinus,28.2
Ploceus preussi,31.6
Ploceus princeps,31.2
Ploceus reichardi,26.6
Ploceus rubiginosus,30.0
Ploceus ruweti,17.0
Ploceus sakalava,23.8
Ploceus sanctithomae,22.0
Ploceus spekei,35.1
Ploceus spekeoides,26.6
Ploceus subaureus,30.4
Ploceus subpersonatus,22.5
Ploceus taeniopterus,17.6
Ploceus temporalis,35.8
Ploceus tricolor,36.8
Ploceus velatus,30.9
Ploceus vitellinus,20.0
Ploceus weynsi,29.0
Ploceus xanthops,40.6
Ploceus xanthopterus,22.0
Pluvialis apricaria,214.0
Pluvialis dominica,151.5
Pluvialis fulva,134.9
Pluvialis squatarola,250.0
Pluvianellus socialis,84.1
Pluvianus aegyptius,82.0
Pnoepyga albiventer,20.9
Pnoepyga formosana,20.9
Pnoepyga immaculata,20.5
Pnoepyga mutica,20.9
Pnoepyga pusilla,12.0
Podargus ocellatus,175.4
Podargus papuensis,375.7
Podargus strigoides,308.0
Podica senegalensis,599.0
Podiceps auritus,453.0
Podiceps cristatus,731.0
Podiceps gallardoi,575.0
Podiceps grisegena,1023.0
Podiceps major,1646.0
Podiceps nigricollis,412.4
Podiceps occipitalis,320.7
Podiceps taczanowskii,390.2
Podilymbus podiceps,411.9
Podoces biddulphi,130.5
Podoces hendersoni,120.5
Podoces panderi,91.1
Podoces pleskei,87.5
Poecile atricapillus,10.8
Poecile carolinensis,10.0
Poecile cinctus,11.4
Poecile davidi,10.3
Poecile gambeli,11.2
Poecile hudsonicus,9.8
Poecile hypermelaenus,11.1
Poecile hyrcanus,15.8
Poecile lugubris,15.8
Poecile montanus,11.1
Poecile palustris,11.1
Poecile rufescens,9.4
Poecile sclateri,10.1
Poecile superciliosus,10.7
Poecile weigoldicus,11.1
Poecilodryas albonotata,38.6
Poecilodryas brachyura,25.1
Poecilodryas cerviniventris,19.8
Poecilodryas hypoleuca,18.0
Poecilodryas placens,25.5
Poecilodryas superciliosa,19.8
Poecilostreptus cabanisi,20.0
Poecilostreptus palmeri,32.3
Poecilotriccus albifacies,8.0
Poecilotriccus calopterus,7.5
Poecilotriccus capitalis,8.0
Poecilotriccus fumifrons,6.6
Poecilotriccus latirostris,8.1
Poecilotriccus luluae,7.3
Poecilotriccus plumbeiceps,5.7
Poecilotriccus pulchellus,8.0
Poecilotriccus ruficeps,8.8
Poecilotriccus russatus,8.0
Poecilotriccus senex,6.6
Poecilotriccus sylvia,7.1
Poeoptera femoralis,41.0
Poeoptera kenricki,46.4
Poeoptera lugubris,38.8
Poeoptera stuhlmanni,39.3
Poephila acuticauda,14.0
Poephila cincta,14.9
Poephila personata,13.0
Pogoniulus atroflavus,18.2
Pogoniulus bilineatus,13.1
Pogoniulus chrysoconus,10.8
Pogoniulus coryphaea,10.7
Pogoniulus leucomystax,11.8
Pogoniulus pusillus,9.6
Pogoniulus scolopaceus,14.1
Pogoniulus simplex,8.8
Pogoniulus subsulphureus,10.5
Pogonocichla stellata,18.6
Poicephalus crassus,140.0
Poicephalus cryptoxanthus,140.0
Poicephalus flavifrons,174.0
Poicephalus fuscicollis,324.0
Poicephalus gulielmi,274.6
Poicephalus meyeri,117.5
Poicephalus robustus,343.0
Poicephalus rueppellii,116.0
Poicephalus rufiventris,120.0
Poicephalus senegalus,147.0
Poikilocarbo gaimardi,1358.3
Polemaetus bellicosus,3964.5
Polihierax insignis,97.0
Polihierax semitorquatus,61.5
Poliocephalus poliocephalus,239.9
Poliocephalus rufopectus,249.0
Poliocrania exsul,26.5
Poliolais lopezi,12.0
Poliolimnas cinereus,52.1
Polioptila albiloris,6.3
Polioptila albiventris,6.3
Polioptila attenboroughi,6.0
Polioptila bilineata,6.4
Polioptila caerulea,5.8
Polioptila californica,5.8
Polioptila clementsi,6.0
Polioptila dumicola,7.0
Polioptila facilis,5.9
Polioptila guianensis,6.0
Polioptila lactea,6.5
Polioptila lembeyei,5.0
Polioptila melanura,5.2
Polioptila nigriceps,5.6
Polioptila paraensis,5.8
Polioptila plumbea,6.4
Polioptila schistaceigula,6.0
Polyboroides radiatus,633.2
Polyboroides typus,633.2
Polyerata amabilis,4.3
Polyerata decora,4.7
Polyerata rosenbergi,3.7
Polyonymus caroli,4.8
Polyplectron bicalcaratum,467.8
Polyplectron chalcurum,508.0
Polyplectron germaini,450.0
Polyplectron inopinatum,497.5
Polyplectron katsumatae,467.8
Polyplectron malacense,608.0
Polyplectron napoleonis,374.7
Polyplectron schleiermacheri,608.0
Polysticta stelleri,806.8
Polystictus pectoralis,6.2
Polystictus superciliaris,6.0
Polytelis alexandrae,103.7
Polytelis anthopeplus,170.0
Polytelis swainsonii,153.0
Polytmus guainumbi,5.2
Polytmus milleri,4.1
Polytmus theresiae,3.8
Pomarea dimidiata,23.0
Pomarea iphis,23.9
Pomarea mendozae,29.6
Pomarea mira,29.6
Pomarea nigra,25.4
Pomarea whitneyi,42.5
Pomatorhinus ferruginosus,40.0
Pomatorhinus horsfieldii,43.0
Pomatorhinus melanurus,43.0
Pomatorhinus montanus,28.6
Pomatorhinus musicus,31.6
Pomatorhinus ochraceiceps,34.0
Pomatorhinus ruficollis,31.6
Pomatorhinus schisticeps,43.0
Pomatorhinus superciliaris,28.0
Pomatostomus halli,41.8
Pomatostomus isidorei,70.0
Pomatostomus ruficeps,57.8
Pomatostomus superciliosus,41.5
Pomatostomus temporalis,75.0
Poodytes albolimbatus,14.0
Poodytes carteri,12.2
Poodytes gramineus,14.1
Poodytes punctatus,25.2
Pooecetes gramineus,25.7
Poospiza baeri,32.5
Poospiza boliviana,28.6
Poospiza garleppi,32.5
Poospiza goeringi,17.1
Poospiza hispaniolensis,16.5
Poospiza nigrorufa,17.4
Poospiza ornata,11.8
Poospiza rubecula,24.4
Poospiza rufosuperciliaris,29.0
Poospiza whitii,17.0
Poospizopsis caesar,51.2
Poospizopsis hypochondria,21.2
Porphyrio alleni,138.7
Porphyrio flavirostris,92.6
Porphyrio hochstetteri,2462.2
Porphyrio indicus,773.9
Porphyrio madagascariensis,636.0
Porphyrio martinica,235.1
Porphyrio melanotus,773.9
Porphyrio poliocephalus,773.9
Porphyrio porphyrio,773.9
Porphyrio pulverulentus,773.9
Porphyriops melanops,191.0
Porphyrolaema porphyrolaema,60.0
Porzana carolina,74.8
Porzana fluminea,60.8
Porzana porzana,87.1
Porzana spiloptera,52.1
Premnoplex brunnescens,16.3
Premnoplex tatei,16.3
Premnornis guttuliger,15.9
Primolius auricollis,245.0
Primolius couloni,250.0
Primolius maracana,256.0
Prinia atrogularis,11.8
Prinia bairdii,13.4
Prinia buchanani,6.7
Prinia cinereocapilla,7.3
Prinia cooki,11.0
Prinia crinigera,13.7
Prinia erythroptera,11.5
Prinia familiaris,9.0
Prinia flavicans,8.7
Prinia flaviventris,7.0
Prinia fluviatilis,8.0
Prinia gracilis,7.1
Prinia hodgsonii,6.4
Prinia hypoxantha,10.5
Prinia inornata,7.0
Prinia lepida,7.1
Prinia maculosa,9.0
Prinia molleri,8.8
Prinia polychroa,11.0
Prinia rocki,11.0
Prinia rufescens,6.5
Prinia rufifrons,6.5
Prinia socialis,8.0
Prinia somalica,7.5
Prinia striata,13.7
Prinia subflava,8.6
Prinia superciliaris,11.8
Prinia sylvatica,16.1
Prioniturus discurus,148.1
Prioniturus flavicans,116.8
Prioniturus luconensis,108.0
Prioniturus mada,116.8
Prioniturus mindorensis,148.1
Prioniturus montanus,118.3
Prioniturus platenae,112.0
Prioniturus platurus,66.3
Prioniturus verticalis,45.0
Prioniturus waterstradti,119.0
Prionochilus maculatus,8.0
Prionochilus olivaceus,9.4
Prionochilus percussus,8.5
Prionochilus plateni,8.5
Prionochilus thoracicus,8.9
Prionochilus xanthopygius,7.6
Prionops alberti,61.3
Prionops caniceps,48.2
Prionops gabela,50.1
Prionops plumatus,33.8
Prionops poliolophus,49.0
Prionops retzii,50.1
Prionops rufiventris,50.0
Prionops scopifrons,29.4
Priotelus roseigaster,74.2
Priotelus temnurus,53.4
Probosciger aterrimus,841.0
Procarduelis nipalensis,22.1
Procellaria aequinoctialis,1213.0
Procellaria cinerea,1131.0
Procellaria conspicillata,1213.0
Procellaria parkinsoni,702.2
Procellaria westlandica,1199.0
Procnias albus,210.0
Procnias averano,146.1
Procnias nudicollis,172.0
Procnias tricarunculatus,210.0
Prodotiscus insignis,10.4
Prodotiscus regulus,14.1
Prodotiscus zambesiae,10.2
Progne chalybea,50.0
Progne cryptoleuca,46.0
Progne dominicensis,39.6
Progne elegans,50.6
Progne modesta,41.4
Progne murphyi,41.4
Progne sinaloae,42.6
Progne subis,53.8
Progne tapera,32.0
Promerops cafer,34.7
Promerops gurneyi,34.9
Prosobonia parvirostris,36.0
Prosopeia personata,40.3
Prosopeia splendens,232.0
Prosopeia tabuensis,232.0
Prosthemadera novaeseelandiae,105.8
Protonotaria citrea,14.3
Prunella atrogularis,18.5
Prunella collaris,38.6
Prunella fagani,22.5
Prunella fulvescens,18.9
Prunella himalayana,25.7
Prunella immaculata,20.7
Prunella koslowi,17.5
Prunella modularis,20.2
Prunella montanella,17.0
Prunella ocularis,22.5
Prunella rubeculoides,23.9
Prunella rubida,16.7
Prunella strophiata,18.1
Psalidoprocne albiceps,11.1
Psalidoprocne fuliginosa,12.2
Psalidoprocne nitens,9.8
Psalidoprocne obscura,9.4
Psalidoprocne pristoptera,10.3
Psaltria exilis,4.0
Psaltriparus minimus,5.3
Psarisomus dalhousiae,67.0
Psarocolius angustifrons,271.5
Psarocolius atrovirens,152.0
Psarocolius bifasciatus,335.7
Psarocolius cassini,383.9
Psarocolius decumanus,206.3
Psarocolius guatimozinus,405.3
Psarocolius montezuma,309.9
Psarocolius viridis,287.0
Psarocolius wagleri,155.5
Psephotus chrysopterygius,46.8
Psephotus dissimilis,45.8
Psephotus haematonotus,61.4
Psephotus varius,61.5
Pseudasthenes cactorum,17.4
Pseudasthenes humicola,20.8
Pseudasthenes patagonica,16.4
Pseudasthenes steinbachi,19.5
Pseudastur albicollis,703.7
Pseudastur occidentalis,660.0
Pseudastur polionotus,703.7
Pseudelaenia leucospodia,11.9
Pseudeos cardinalis,183.0
Pseudeos fuscata,149.0
Pseudhirundo griseopyga,10.2
Pseudibis davisoni,1588.0
Pseudibis gigantea,3515.0
Pseudibis papillosa,823.0
Pseudobias wardi,12.7
Pseudobulweria aterrima,232.0
Pseudobulweria becki,409.0
Pseudobulweria macgillivrayi,143.0
Pseudobulweria rostrata,409.0
Pseudocalyptomena graueri,31.8
Pseudochelidon eurystomina,26.0
Pseudochelidon sirintarae,26.0
Pseudocolaptes boissonneautii,43.9
Pseudocolaptes lawrencii,51.0
Pseudocolopteryx acutipennis,6.9
Pseudocolopteryx citreola,7.5
Pseudocolopteryx dinelliana,7.5
Pseudocolopteryx flaviventris,7.5
Pseudocolopteryx sclateri,8.0
Pseudoleistes guirahuro,86.4
Pseudoleistes virescens,79.9
Pseudonestor xanthophrys,22.1
Pseudonigrita arnaudi,20.0
Pseudonigrita cabanisi,20.6
Pseudopipra pipra,11.1
Pseudopodoces humilis,45.4
Pseudorectes ferrugineus,93.9
Pseudorectes incertus,75.0
Pseudosaltator rufiventris,74.2
Pseudoseisura cristata,53.6
Pseudoseisura gutturalis,70.4
Pseudoseisura lophotes,72.2
Pseudoseisura unirufa,44.9
Pseudospingus verticalis,14.0
Pseudospingus xanthophthalmus,12.0
Pseudotriccus pelzelni,10.9
Pseudotriccus ruficeps,11.3
Pseudotriccus simplex,9.5
Psilopogon annamensis,87.7
Psilopogon armillaris,69.4
Psilopogon asiaticus,90.5
Psilopogon auricularis,63.5
Psilopogon australis,33.3
Psilopogon chersonesus,90.5
Psilopogon chrysopogon,151.0
Psilopogon corvinus,130.0
Psilopogon duvaucelii,33.3
Psilopogon eximius,33.3
Psilopogon faber,87.7
Psilopogon faiostrictus,93.0
Psilopogon flavifrons,58.5
Psilopogon franklinii,63.5
Psilopogon haemacephalus,44.5
Psilopogon henricii,74.1
Psilopogon incognitus,93.0
Psilopogon javensis,115.0
Psilopogon lagrandieri,93.0
Psilopogon lineatus,149.0
Psilopogon malabaricus,37.6
Psilopogon monticola,93.4
Psilopogon mystacophanos,77.4
Psilopogon nuchalis,87.7
Psilopogon oorti,87.7
Psilopogon pulcherrimus,65.4
Psilopogon pyrolophus,129.0
Psilopogon rafflesii,118.0
Psilopogon rubricapillus,37.6
Psilopogon virens,202.0
Psilopogon viridis,80.5
Psilopogon zeylanicus,119.0
Psilopsiagon aurifrons,33.6
Psilopsiagon aymara,30.0
Psilorhamphus guttatus,11.3
Psilorhinus morio,204.0
Psiloscops flammeolus,59.9
Psittacara brevipes,138.0
Psittacara chloropterus,146.0
Psittacara erythrogenys,151.0
Psittacara euops,87.0
Psittacara finschi,150.0
Psittacara holochlorus,138.0
Psittacara leucophthalmus,158.0
Psittacara mitratus,249.0
Psittacara strenuus,138.0
Psittacara wagleri,194.0
Psittacella brehmii,107.0
Psittacella madaraszi,38.8
Psittacella modesta,44.7
Psittacella picta,62.9
Psittacula alexandri,147.0
Psittacula calthrapae,116.1
Psittacula caniceps,224.0
Psittacula columboides,87.0
Psittacula cyanocephala,66.0
Psittacula derbiana,251.0
Psittacula eques,163.0
Psittacula eupatria,214.0
Psittacula finschii,89.6
Psittacula himalayana,108.5
Psittacula krameri,116.1
Psittacula longicauda,107.0
Psittacula roseata,66.0
Psittaculirostris desmarestii,117.0
Psittaculirostris edwardsii,118.0
Psittaculirostris salvadorii,118.0
Psittacus erithacus,333.0
Psitteuteles versicolor,53.5
Psittinus cyanurus,60.5
Psittiparus bakeri,32.0
Psittiparus gularis,29.0
Psittiparus margaritae,29.0
Psittiparus ruficeps,32.0
Psittirostra psittacea,28.6
Psittrichas fulgidus,865.0
Psophia crepitans,1026.0
Psophia leucoptera,1315.6
Psophia viridis,1071.0
Psophocichla litsitsirupa,74.0
Psophodes cristatus,40.7
Psophodes nigrogularis,44.5
Psophodes occidentalis,39.6
Psophodes olivaceus,62.4
Pteridophora alberti,81.8
Pternistis adspersus,428.0
Pternistis afer,454.8
Pternistis ahantensis,544.1
Pternistis atrifrons,791.5
Pternistis bicalcaratus,439.5
Pternistis camerunensis,549.4
Pternistis capensis,629.8
Pternistis castaneicollis,791.5
Pternistis clappertoni,469.6
Pternistis erckelii,1197.8
Pternistis griseostriatus,288.5
Pternistis hartlaubi,241.5
Pternistis harwoodi,493.0
Pternistis hildebrandti,532.0
Pternistis icterorhynchus,571.0
Pternistis jacksoni,1097.0
Pternistis leucoscepus,640.6
Pternistis natalensis,508.1
Pternistis nobilis,878.0
Pternistis ochropectus,699.6
Pternistis rufopictus,706.1
Pternistis squamatus,449.5
Pternistis swainsonii,597.1
Pternistis swierstrai,460.3
Pterocles alchata,275.8
Pterocles bicinctus,237.0
Pterocles burchelli,180.7
Pterocles coronatus,300.0
Pterocles decoratus,181.3
Pterocles exustus,202.8
Pterocles gutturalis,338.0
Pterocles indicus,178.2
Pterocles lichtensteinii,209.1
Pterocles namaqua,177.0
Pterocles orientalis,404.9
Pterocles personatus,181.3
Pterocles quadricinctus,178.9
Pterocles senegallus,263.4
Pterodroma alba,259.0
Pterodroma arminjoniana,394.0
Pterodroma atrata,394.0
Pterodroma axillaris,165.0
Pterodroma baraui,400.0
Pterodroma brevipes,147.1
Pterodroma cahow,246.0
Pterodroma cervicalis,445.0
Pterodroma cookii,177.9
Pterodroma defilippiana,169.0
Pterodroma externa,428.0
Pterodroma feae,311.0
Pterodroma gouldi,531.8
Pterodroma hasitata,278.0
Pterodroma heraldica,394.0
Pterodroma hypoleuca,176.0
Pterodroma incerta,520.0
Pterodroma inexpectata,316.0
Pterodroma lessonii,698.0
Pterodroma leucoptera,147.1
Pterodroma longirostris,143.0
Pterodroma macroptera,531.8
Pterodroma madeira,201.1
Pterodroma magentae,465.0
Pterodroma mollis,312.0
Pterodroma neglecta,501.0
Pterodroma nigripennis,173.7
Pterodroma occulta,445.0
Pterodroma phaeopygia,400.8
Pterodroma pycrofti,159.0
Pterodroma sandwichensis,400.8
Pterodroma solandri,468.6
Pterodroma ultima,360.0
Pteroglossus aracari,250.2
Pteroglossus azara,144.5
Pteroglossus bailloni,146.0
Pteroglossus beauharnaisii,215.9
Pteroglossus bitorquatus,142.0
Pteroglossus castanotis,258.1
Pteroglossus frantzii,253.0
Pteroglossus inscriptus,125.8
Pteroglossus pluricinctus,261.7
Pteroglossus torquatus,219.1
Pteroglossus viridis,135.0
Pteronetta hartlaubii,790.0
Pterophanes cyanopterus,9.3
Pteroptochos castaneus,160.6
Pteroptochos megapodius,114.0
Pteroptochos tarnii,147.0
Pterorhinus albogularis,97.6
Pterorhinus berthemyi,72.0
Pterorhinus caerulatus,85.7
Pterorhinus chinensis,88.5
Pterorhinus courtoisi,56.0
Pterorhinus davidi,56.2
Pterorhinus delesserti,78.0
Pterorhinus galbanus,56.0
Pterorhinus gularis,92.0
Pterorhinus koslowi,112.5
Pterorhinus lanceolatus,80.5
Pterorhinus mitratus,62.0
Pterorhinus nuchalis,78.0
Pterorhinus pectoralis,145.1
Pterorhinus perspicillatus,117.8
Pterorhinus poecilorhynchus,72.0
Pterorhinus ruficeps,97.6
Pterorhinus ruficollis,66.2
Pterorhinus sannio,67.8
Pterorhinus treacheri,62.0
Pterorhinus vassali,88.5
Pterorhinus waddelli,46.0
Pterorhinus woodi,80.5
Pteruthius aenobarbus,11.8
Pteruthius aeralatus,38.7
Pteruthius annamensis,38.7
Pteruthius flaviscapis,38.7
Pteruthius intermedius,11.8
Pteruthius melanotis,13.3
Pteruthius ripleyi,38.7
Pteruthius rufiventer,43.0
Pteruthius xanthochlorus,14.3
Ptilinopus alligator,243.0
Ptilinopus arcanus,85.9
Ptilinopus aurantiifrons,152.0
Ptilinopus bernsteinii,118.5
Ptilinopus chalcurus,97.6
Ptilinopus cinctus,243.0
Ptilinopus coralensis,83.2
Ptilinopus coronulatus,76.6
Ptilinopus dohertyi,243.0
Ptilinopus dupetithouarsii,99.5
Ptilinopus epius,142.0
Ptilinopus eugeniae,114.0
Ptilinopus fischeri,177.0
Ptilinopus granulifrons,136.5
Ptilinopus greyi,82.7
Ptilinopus hernsheimi,105.0
Ptilinopus huttoni,130.0
Ptilinopus hyogastrus,136.5
Ptilinopus insolitus,136.5
Ptilinopus insularis,104.0
Ptilinopus iozonus,114.0
Ptilinopus jambu,135.0
Ptilinopus layardi,75.6
Ptilinopus leclancheri,164.0
Ptilinopus luteovirens,75.0
Ptilinopus magnificus,185.4
Ptilinopus mangoliensis,142.0
Ptilinopus marchei,326.0
Ptilinopus melanospilus,92.0
Ptilinopus merrilli,263.0
Ptilinopus monacha,53.9
Ptilinopus nainus,49.0
Ptilinopus occipitalis,238.0
Ptilinopus ornatus,163.0
Ptilinopus pelewensis,93.0
Ptilinopus perlatus,210.0
Ptilinopus perousii,93.5
Ptilinopus ponapensis,105.0
Ptilinopus porphyraceus,105.0
Ptilinopus porphyreus,168.0
Ptilinopus pulchellus,70.0
Ptilinopus purpuratus,97.6
Ptilinopus rarotongensis,97.6
Ptilinopus regina,101.6
Ptilinopus richardsii,103.9
Ptilinopus rivoli,149.0
Ptilinopus roseicapilla,90.4
Ptilinopus solomonensis,108.5
Ptilinopus subgularis,142.0
Ptilinopus superbus,118.0
Ptilinopus tannensis,208.0
Ptilinopus victor,81.0
Ptilinopus viridis,121.0
Ptilinopus wallacii,208.0
Ptiliogonys caudatus,36.2
Ptiliogonys cinereus,33.6
Ptilocichla falcata,39.5
Ptilocichla leucogrammica,39.5
Ptilocichla mindanensis,29.2
Ptilonorhynchus violaceus,218.9
Ptilopachus nahani,310.0
Ptilopachus petrosus,193.0
Ptiloprora erythropleura,21.1
Ptiloprora guisei,25.8
Ptiloprora mayri,30.5
Ptiloprora meekiana,18.5
Ptiloprora perstriata,26.6
Ptiloprora plumbea,14.1
Ptilopsis granti,214.4
Ptilopsis leucotis,204.0
Ptiloris intercedens,158.0
Ptiloris magnificus,149.9
Ptiloris paradiseus,119.5
Ptiloris victoriae,95.0
Ptilorrhoa caerulescens,49.0
Ptilorrhoa castanonota,69.7
Ptilorrhoa geislerorum,49.0
Ptilorrhoa leucosticta,49.2
Ptilostomus afer,128.0
Ptilotula flavescens,12.4
Ptilotula fusca,17.7
Ptilotula keartlandi,15.2
Ptilotula ornata,17.6
Ptilotula penicillata,19.4
Ptilotula plumula,16.5
Ptiloxena atroviolacea,83.6
Ptychoramphus aleuticus,184.0
Ptyonoprogne concolor,13.0
Ptyonoprogne fuligula,21.1
Ptyonoprogne rupestris,20.4
Pucrasia macrolopha,1050.5
Puffinus assimilis,226.0
Puffinus auricularis,350.8
Puffinus bailloni,214.0
Puffinus bannermani,192.8
Puffinus baroli,160.0
Puffinus boydi,226.0
Puffinus bryani,147.0
Puffinus elegans,226.0
Puffinus gavia,228.9
Puffinus heinrothi,192.8
Puffinus huttoni,364.0
Puffinus lherminieri,192.8
Puffinus mauretanicus,497.0
Puffinus myrtae,350.8
Puffinus nativitatis,356.0
Puffinus newelli,350.8
Puffinus opisthomelas,408.0
Puffinus persicus,192.8
Puffinus puffinus,453.3
Puffinus subalaris,168.0
Puffinus yelkouan,497.0
Pulsatrix koeniswaldiana,481.0
Pulsatrix melanota,82.0
Pulsatrix perspicillata,983.6
Purnella albifrons,17.4
Purpureicephalus spurius,116.0
Pycnonotus aurigaster,44.3
Pycnonotus barbatus,32.1
Pycnonotus bimaculatus,30.0
Pycnonotus blanfordi,33.4
Pycnonotus brunneus,28.8
Pycnonotus cafer,42.9
Pycnonotus capensis,38.6
Pycnonotus cinereifrons,36.7
Pycnonotus conradi,34.9
Pycnonotus finlaysoni,26.3
Pycnonotus flavescens,28.9
Pycnonotus goiavier,27.8
Pycnonotus jocosus,29.5
Pycnonotus leucogenys,35.9
Pycnonotus leucogrammicus,33.5
Pycnonotus leucotis,27.1
Pycnonotus luteolus,34.7
Pycnonotus nieuwenhuisii,25.5
Pycnonotus nigricans,30.8
Pycnonotus penicillatus,36.5
Pycnonotus plumosus,34.9
Pycnonotus pseudosimplex,25.1
Pycnonotus simplex,25.1
Pycnonotus sinensis,34.2
Pycnonotus snouckaerti,30.0
Pycnonotus striatus,52.0
Pycnonotus taivanus,26.1
Pycnonotus tympanistrigus,33.5
Pycnonotus xantholaemus,28.1
Pycnonotus xanthopygos,37.6
Pycnonotus xanthorrhous,26.9
Pycnonotus zeylanicus,86.3
Pycnoptilus floccosus,28.9
Pycnopygius cinereus,44.8
Pycnopygius ixoides,27.6
Pycnopygius stictocephalus,38.5
Pygarrhichas albogularis,24.0
Pygiptila stellaris,24.1
Pygochelidon cyanoleuca,9.7
Pygochelidon melanoleuca,10.8
Pygoscelis adeliae,4847.7
Pygoscelis antarcticus,4146.1
Pygoscelis papua,5933.0
Pyrenestes minor,14.0
Pyrenestes ostrinus,22.4
Pyrenestes sanguineus,19.2
Pyriglena atra,32.0
Pyriglena leuconota,32.3
Pyriglena leucoptera,28.8
Pyriglena maura,32.3
Pyriglena similis,32.3
Pyrilia aurantiocephala,151.5
Pyrilia barrabandi,140.0
Pyrilia caica,132.0
Pyrilia haematotis,149.0
Pyrilia pulchra,150.0
Pyrilia pyrilia,149.0
Pyrilia vulturina,151.5
Pyrocephalus nanus,14.4
Pyrocephalus rubinus,14.4
Pyroderus scutatus,357.0
Pyrope pyrope,35.3
Pyrrhocorax graculus,211.0
Pyrrhocorax pyrrhocorax,276.7
Pyrrholaemus brunneus,12.5
Pyrrholaemus sagittatus,13.3
Pyrrhomyias cinnamomeus,9.9
Pyrrhoplectes epauletta,19.0
Pyrrhula aurantiaca,19.3
Pyrrhula erythaca,19.0
Pyrrhula erythrocephala,22.3
Pyrrhula leucogenis,19.0
Pyrrhula murina,30.0
Pyrrhula nipalensis,24.6
Pyrrhula owstoni,19.0
Pyrrhula pyrrhula,24.3
Pyrrhura albipectus,103.8
Pyrrhura amazonum,58.9
Pyrrhura calliptera,75.0
Pyrrhura cruentata,75.9
Pyrrhura devillei,72.0
Pyrrhura egregia,66.3
Pyrrhura frontalis,72.0
Pyrrhura griseipectus,75.9
Pyrrhura hoematotis,68.7
Pyrrhura hoffmanni,82.2
Pyrrhura lepida,75.0
Pyrrhura leucotis,75.9
Pyrrhura lucianii,67.7
Pyrrhura melanura,70.5
Pyrrhura molinae,77.1
Pyrrhura orcesi,70.8
Pyrrhura perlata,75.0
Pyrrhura pfrimeri,75.9
Pyrrhura picta,62.1
Pyrrhura rhodocephala,68.7
Pyrrhura roseifrons,70.6
Pyrrhura rupicola,75.0
Pyrrhura viridicata,87.5
Pyrroglaux podargina,178.4
Pytilia afra,16.6
Pytilia hypogrammica,14.8
Pytilia lineata,14.3
Pytilia melba,15.4
Pytilia phoenicoptera,14.5
Quelea cardinalis,12.7
Quelea erythrops,19.3
Quelea quelea,18.6
Querula purpurata,107.4
Quiscalus lugubris,63.0
Quiscalus major,151.2
Quiscalus mexicanus,160.5
Quiscalus nicaraguensis,63.4
Quiscalus niger,72.2
Quiscalus quiscula,105.2
Radjah radjah,885.2
Rallina canningi,178.0
Rallina eurizonoides,109.0
Rallina fasciata,100.0
Rallina forbesi,85.1
Rallina leucospila,120.0
Rallina mayri,122.9
Rallina rubra,81.0
Rallina tricolor,178.0
Rallus antarcticus,60.4
Rallus aquaticus,110.7
Rallus caerulescens,162.1
Rallus crepitans,306.0
Rallus elegans,313.3
Rallus indicus,104.5
Rallus limicola,84.1
Rallus longirostris,259.4
Rallus madagascariensis,114.0
Rallus obsoletus,342.0
Rallus semiplumbeus,84.1
Rallus tenuirostris,306.0
Rallus wetmorei,259.4
Ramphastos ambiguus,651.7
Ramphastos brevis,412.0
Ramphastos dicolorus,331.0
Ramphastos sulfuratus,409.7
Ramphastos toco,618.0
Ramphastos tucanus,659.6
Ramphastos vitellinus,360.4
Ramphocaenus melanurus,9.7
Ramphocaenus sticturus,9.7
Ramphocelus bresilius,32.9
Ramphocelus carbo,25.9
Ramphocelus dimidiatus,28.0
Ramphocelus flammigerus,33.0
Ramphocelus melanogaster,25.0
Ramphocelus nigrogularis,31.0
Ramphocelus passerinii,32.0
Ramphocelus sanguinolentus,41.0
Ramphocinclus brachyurus,50.0
Ramphocoris clotbey,49.1
Ramphodon naevius,7.9
Ramphomicron dorsale,3.5
Ramphomicron microrhynchum,3.6
Ramphotrigon flammulatum,17.2
Ramphotrigon fuscicauda,18.6
Ramphotrigon megacephalum,14.2
Ramphotrigon ruficauda,18.4
Ramsayornis fasciatus,12.7
Ramsayornis modestus,12.1
Randia pseudozosterops,11.0
Rauenia bonariensis,36.0
Recurvirostra americana,304.5
Recurvirostra andina,361.0
Recurvirostra avosetta,304.0
Recurvirostra novaehollandiae,325.0
Regulus goodfellowi,4.1
Regulus ignicapilla,5.6
Regulus madeirensis,5.6
Regulus regulus,5.5
Regulus satrapa,6.2
Reinwardtipicus validus,149.0
Reinwardtoena browni,304.0
Reinwardtoena crassirostris,259.0
Reinwardtoena reinwardti,275.0
Remiz consobrinus,9.1
Remiz coronatus,6.9
Remiz macronyx,9.3
Remiz pendulinus,9.3
Rhabdornis grandis,45.5
Rhabdornis inornatus,39.1
Rhabdornis mystacalis,25.6
Rhabdornis rabori,39.1
Rhabdotorrhinus corrugatus,1590.0
Rhabdotorrhinus exarhatus,370.0
Rhabdotorrhinus leucocephalus,1086.0
Rhabdotorrhinus waldeni,1086.0
Rhagologus leucostigma,26.8
Rhamphococcyx calyorhynchus,117.0
Rhaphidura leucopygialis,13.6
Rhaphidura sabini,16.0
Rhea americana,23000.0
Rhea pennata,23900.0
Rhegmatorhina berlepschi,31.3
Rhegmatorhina cristata,31.2
Rhegmatorhina gymnops,28.5
Rhegmatorhina hoffmannsi,31.4
Rhegmatorhina melanosticta,31.0
Rheinardia nigrescens,1500.0
Rheinardia ocellata,1500.0
Rhinocrypta lanceolata,61.9
Rhinopomastus aterrimus,27.1
Rhinopomastus cyanomelas,27.1
Rhinopomastus minor,21.7
Rhinoptilus bitorquatus,150.0
Rhinoptilus chalcopterus,150.0
Rhinoptilus cinctus,105.0
Rhinortha chlorophaea,51.2
Rhipidura albicollis,12.9
Rhipidura albiscapa,8.6
Rhipidura albiventris,13.2
Rhipidura albogularis,12.9
Rhipidura albolimbata,10.9
Rhipidura atra,12.2
Rhipidura aureola,11.2
Rhipidura brachyrhyncha,10.1
Rhipidura cockerelli,17.5
Rhipidura cyaniceps,13.6
Rhipidura dahli,9.9
Rhipidura dedemi,11.0
Rhipidura diluta,15.0
Rhipidura drownei,11.1
Rhipidura dryas,9.2
Rhipidura euryura,15.0
Rhipidura fuliginosa,7.5
Rhipidura fuscorufa,15.0
Rhipidura habibiei,10.0
Rhipidura hyperythra,11.2
Rhipidura javanica,12.5
Rhipidura kubaryi,15.0
Rhipidura lepida,15.0
Rhipidura leucophrys,27.4
Rhipidura leucothorax,17.6
Rhipidura maculipectus,18.0
Rhipidura malaitae,12.0
Rhipidura matthiae,15.0
Rhipidura nebulosa,5.8
Rhipidura nigritorquis,17.0
Rhipidura nigrocinnamomea,13.0
Rhipidura opistherythra,15.0
Rhipidura perlata,13.4
Rhipidura personata,35.7
Rhipidura phasiana,6.9
Rhipidura phoenicura,15.0
Rhipidura rennelliana,14.5
Rhipidura rufidorsa,9.8
Rhipidura rufifrons,10.1
Rhipidura rufiventris,12.0
Rhipidura samarensis,13.1
Rhipidura sauli,13.6
Rhipidura semirubra,8.0
Rhipidura sulaensis,10.7
Rhipidura superciliaris,13.1
Rhipidura superflua,15.0
Rhipidura tenebrosa,17.3
Rhipidura teysmanni,10.7
Rhipidura threnothorax,17.6
Rhipidura verreauxi,12.9
Rhizothera dulitensis,746.7
Rhizothera longirostris,746.7
Rhodinocichla rosea,48.0
Rhodopechys sanguineus,38.1
Rhodophoneus cruentus,53.3
Rhodopis vesper,3.8
Rhodospingus cruentus,11.6
Rhodospiza obsoleta,25.5
Rhodostethia rosea,187.0
Rhodothraupis celaeno,60.0
Rhopias gularis,11.3
Rhopophilus albosuperciliaris,18.0
Rhopophilus pekinensis,18.0
Rhopornis ardesiacus,26.3
Rhopospina alaudina,23.9
Rhopospina caerulescens,13.0
Rhopospina carbonaria,17.9
Rhopospina fruticeti,38.8
Rhynchocyclus brevirostris,24.3
Rhynchocyclus fulvipectus,23.1
Rhynchocyclus olivaceus,21.3
Rhynchocyclus pacificus,25.0
Rhynchophanes mccownii,25.7
Rhynchopsitta pachyrhyncha,324.8
Rhynchopsitta terrisi,442.0
Rhynchortyx cinctus,150.0
Rhynchospiza dabbenei,22.2
Rhynchospiza stolzmanni,25.6
Rhynchospiza strigiceps,22.2
Rhynchostruthus louisae,28.3
Rhynchostruthus percivali,28.3
Rhynchostruthus socotranus,28.3
Rhynchotus maculicollis,843.5
Rhynchotus rufescens,843.5
Rhynochetos jubatus,860.0
Rhyticeros cassidix,2360.0
Rhyticeros everetti,697.2
Rhyticeros narcondami,697.2
Rhyticeros plicatus,1703.8
Rhyticeros subruficollis,2042.0
Rhyticeros undulatus,2214.6
Rhytipterna holerythra,36.8
Rhytipterna immunda,27.4
Rhytipterna simplex,31.8
Riccordia bicolor,4.5
Riccordia maugaeus,3.1
Riccordia ricordii,3.2
Riccordia swainsonii,4.3
Ridgwayia pinicola,88.0
Rigidipenna inexpectata,175.4
Riparia chinensis,9.8
Riparia congica,16.5
Riparia diluta,15.2
Riparia paludicola,13.5
Riparia riparia,12.7
Rissa brevirostris,377.0
Rissa tridactyla,416.0
Robsonius rabori,61.0
Robsonius sorsogonensis,61.0
Robsonius thompsoni,61.0
Rollandia microptera,706.0
Rollandia rolland,324.3
Rollulus rouloul,216.5
Roraimia adusta,16.2
Rostratula australis,121.0
Rostratula benghalensis,121.0
Rostrhamus sociabilis,366.9
Rougetius rougetii,193.4
Rowettia goughensis,53.0
Rubigula cyaniventris,22.0
Rubigula dispar,29.3
Rubigula erythropthalmos,19.2
Rubigula flaviventris,29.3
Rubigula gularis,29.3
Rubigula melanicterus,29.3
Rubigula montis,29.3
Rubigula squamata,22.0
Rukia longirostra,17.9
Rukia ruki,21.0
Rupicola peruvianus,242.5
Rupicola rupicola,194.6
Rupornis magnirostris,269.0
Ruwenzorornis johnstoni,240.0
Rynchops albicollis,164.0
Rynchops flavirostris,164.0
Rynchops niger,297.7
Sagittarius serpentarius,4017.0
Sakesphorus canadensis,24.4
Sakesphorus cristatus,17.7
Sakesphorus luctuosus,31.4
Salpinctes obsoletus,16.4
Salpornis salvadori,14.8
Salpornis spilonota,14.8
Saltator albicollis,41.3
Saltator atriceps,83.8
Saltator atripennis,55.0
Saltator aurantiirostris,41.9
Saltator cinctus,48.6
Saltator coerulescens,54.9
Saltator fuliginosus,44.0
Saltator grandis,54.9
Saltator grossus,44.2
Saltator maxillosus,50.8
Saltator maximus,47.6
Saltator nigriceps,71.0
Saltator olivascens,54.9
Saltator orenocensis,33.7
Saltator similis,43.3
Saltator striatipectus,39.0
Saltatricula atricollis,53.8
Saltatricula multicolor,22.2
Salvadorina waigiuensis,324.0
Sapayoa aenigma,20.8
Sappho sparganurus,5.3
Sarcogyps calvus,4469.9
Sarcophanops samarensis,27.1
Sarcophanops steerii,38.7
Sarcops calvus,142.0
Sarcoramphus papa,3400.0
Sarkidiornis melanotos,2610.0
Sarkidiornis sylvicola,2610.0
Saroglossa spilopterus,47.5
Sarothrura affinis,27.8
Sarothrura ayresi,31.8
Sarothrura boehmi,35.0
Sarothrura elegans,46.0
Sarothrura insularis,26.8
Sarothrura lugens,30.8
Sarothrura pulchra,45.2
Sarothrura rufa,37.7
Sarothrura watersi,26.5
Sasia abnormis,9.2
Sasia ochracea,9.7
Satrapa icterophrys,21.5
Saucerottia beryllina,4.5
Saucerottia castaneiventris,5.0
Saucerottia cyanifrons,5.0
Saucerottia cyanocephala,5.1
Saucerottia cyanura,3.9
Saucerottia edward,4.7
Saucerottia hoffmanni,4.5
Saucerottia saucerottei,4.5
Saucerottia tobaci,4.7
Saucerottia viridigaster,3.7
Saudareos flavoviridis,90.5
Saudareos iris,55.2
Saudareos johnstoniae,55.2
Saudareos meyeri,90.5
Saudareos ornatus,120.0
Saundersilarus saundersi,198.0
Saxicola caprata,15.2
Saxicola dacotiae,12.2
Saxicola ferreus,14.7
Saxicola gutturalis,15.3
Saxicola insignis,15.3
Saxicola jerdoni,15.3
Saxicola leucurus,14.1
Saxicola macrorhynchus,15.3
Saxicola maurus,12.6
Saxicola rubetra,16.6
Saxicola rubicola,15.3
Saxicola stejnegeri,15.4
Saxicola tectes,12.6
Saxicola torquatus,14.1
Sayornis nigricans,18.6
Sayornis phoebe,19.7
Sayornis saya,20.9
Scelorchilus albicollis,47.3
Scelorchilus rubecula,56.7
Scenopoeetes dentirostris,163.4
Scepomycter winifredae,14.8
Schetba rufa,37.3
Schiffornis aenea,31.7
Schiffornis major,31.0
Schiffornis olivacea,29.5
Schiffornis stenorhyncha,31.7
Schiffornis turdina,31.7
Schiffornis veraepacis,31.1
Schiffornis virescens,25.6
Schistes albogularis,3.6
Schistes geoffroyi,3.6
Schistochlamys melanopis,33.0
Schistochlamys ruficapillus,31.2
Schistolais leontica,12.4
Schistolais leucopogon,11.7
Schoenicola platyurus,20.0
Schoenicola striatus,31.5
Schoeniophylax phryganophilus,18.6
Schoeniparus brunneus,17.4
Schoeniparus castaneceps,12.5
Schoeniparus cinereus,11.0
Schoeniparus dubius,18.0
Schoeniparus klossi,12.5
Schoeniparus rufogularis,13.2
Schoeniparus variegaticeps,13.2
Schoutedenapus myoptilus,23.5
Sciaphylax castanea,16.0
Sciaphylax hemimelaena,16.0
Scissirostrum dubium,50.0
Sclateria naevia,24.6
Scleroptila afra,389.7
Scleroptila finschi,569.2
Scleroptila gutturalis,376.7
Scleroptila levaillantii,430.9
Scleroptila psilolaema,478.3
Scleroptila shelleyi,488.0
Scleroptila streptophora,385.0
Sclerurus albigularis,34.8
Sclerurus caudacutus,36.2
Sclerurus guatemalensis,34.7
Sclerurus mexicanus,25.1
Sclerurus obscurior,25.1
Sclerurus rufigularis,21.6
Sclerurus scansor,36.9
Scolopax bukidnonensis,238.0
Scolopax celebensis,205.0
Scolopax minor,196.3
Scolopax mira,447.0
Scolopax rochussenii,308.3
Scolopax rosenbergii,205.0
Scolopax rusticola,308.3
Scolopax saturata,205.0
Scopus umbretta,472.0
Scotocerca inquieta,8.2
Scotopelia bouvieri,637.0
Scotopelia peli,1942.8
Scotopelia ussheri,787.2
Scytalopus acutirostris,18.1
Scytalopus affinis,13.1
Scytalopus altirostris,19.5
Scytalopus alvarezlopezi,24.7
Scytalopus androstictus,18.2
Scytalopus argentifrons,17.0
Scytalopus atratus,25.7
Scytalopus bolivianus,20.8
Scytalopus canus,18.2
Scytalopus caracae,24.0
Scytalopus chocoensis,20.0
Scytalopus diamantinensis,16.4
Scytalopus femoralis,23.2
Scytalopus frankeae,17.2
Scytalopus fuscus,13.7
Scytalopus gettyae,20.4
Scytalopus gonzagai,13.0
Scytalopus griseicollis,18.1
Scytalopus intermedius,17.6
Scytalopus iraiensis,12.4
Scytalopus krabbei,17.5
Scytalopus latebricola,18.1
Scytalopus latrans,17.6
Scytalopus macropus,37.1
Scytalopus magellanicus,13.7
Scytalopus meridanus,20.0
Scytalopus micropterus,29.7
Scytalopus novacapitalis,18.9
Scytalopus opacus,16.2
Scytalopus pachecoi,15.0
Scytalopus panamensis,23.0
Scytalopus parkeri,21.3
Scytalopus parvirostris,17.8
Scytalopus perijanus,18.5
Scytalopus petrophilus,13.5
Scytalopus robbinsi,19.3
Scytalopus rodriguezi,21.6
Scytalopus sanctaemartae,23.2
Scytalopus schulenbergi,16.1
Scytalopus simonsi,16.6
Scytalopus speluncae,13.0
Scytalopus spillmanni,23.5
Scytalopus stilesi,22.1
Scytalopus superciliaris,17.8
Scytalopus unicolor,17.6
Scytalopus urubambae,13.0
Scytalopus vicinior,23.0
Scytalopus whitneyi,15.0
Scytalopus zimmeri,15.9
Scythrops novaehollandiae,684.0
Seiurus aurocapilla,18.8
Selasphorus ardens,3.1
Selasphorus calliope,2.6
Selasphorus ellioti,2.9
Selasphorus flammula,2.7
Selasphorus heloisa,2.2
Selasphorus platycercus,3.5
Selasphorus rufus,3.5
Selasphorus sasin,3.4
Selasphorus scintilla,2.2
Selenidera gouldii,180.9
Selenidera maculirostris,164.0
Selenidera nattereri,158.4
Selenidera piperivora,147.0
Selenidera reinwardtii,161.8
Selenidera spectabilis,219.0
Seleucidis melanoleucus,174.4
Semioptera wallacii,148.3
Semnornis frantzii,57.3
Semnornis ramphastinus,97.7
Sephanoides fernandensis,8.7
Sephanoides sephaniodes,5.2
Sericornis arfakianus,8.7
Sericornis beccarii,11.9
Sericornis citreogularis,17.6
Sericornis frontalis,13.2
Sericornis humilis,18.3
Sericornis keri,11.4
Sericornis magnirostra,9.8
Sericornis nouhuysi,17.1
Sericornis papuensis,11.2
Sericornis perspicillatus,9.0
Sericornis rufescens,8.5
Sericornis spilodera,11.7
Sericornis virgatus,17.1
Sericossypha albocristata,114.0
Sericulus ardens,130.0
Sericulus aureus,172.0
Sericulus bakeri,176.5
Sericulus chrysocephalus,99.5
Serilophus lunatus,34.0
Serinus alario,12.2
Serinus canaria,24.3
Serinus canicollis,15.2
Serinus flavivertex,14.0
Serinus nigriceps,15.4
Serinus pusillus,11.5
Serinus serinus,11.2
Serinus syriacus,11.7
Serpophaga cinerea,8.3
Serpophaga griseicapilla,6.6
Serpophaga hypoleuca,6.1
Serpophaga munda,6.6
Serpophaga nigricans,8.5
Serpophaga subcristata,6.6
Setopagis heterura,37.0
Setopagis maculosa,47.0
Setopagis parvula,37.0
Setopagis whitelyi,47.0
Setophaga adelaidae,6.9
Setophaga americana,7.8
Setophaga angelae,7.7
Setophaga caerulescens,10.1
Setophaga castanea,11.8
Setophaga cerulea,9.0
Setophaga chrysoparia,9.9
Setophaga citrina,10.5
Setophaga coronata,11.9
Setophaga delicata,7.4
Setophaga discolor,7.6
Setophaga dominica,9.7
Setophaga flavescens,9.0
Setophaga fusca,9.7
Setophaga graciae,8.1
Setophaga kirtlandii,13.9
Setophaga magnolia,8.1
Setophaga nigrescens,8.7
Setophaga occidentalis,10.4
Setophaga palmarum,10.3
Setophaga pensylvanica,9.3
Setophaga petechia,10.2
Setophaga pharetra,9.9
Setophaga pinus,11.8
Setophaga pitiayumi,6.8
Setophaga pityophila,8.0
Setophaga plumbea,10.1
Setophaga ruticilla,8.2
Setophaga striata,11.8
Setophaga subita,7.6
Setophaga tigrina,10.0
Setophaga townsendi,8.8
Setophaga virens,8.7
Setophaga vitellina,6.7
Setornis criniger,29.5
Sheppardia aequatorialis,16.8
Sheppardia aurantiithorax,18.4
Sheppardia bocagei,18.3
Sheppardia cyornithopsis,18.4
Sheppardia gabela,11.0
Sheppardia gunningi,17.3
Sheppardia lowei,18.4
Sheppardia montana,21.8
Sheppardia sharpei,14.7
Sholicola albiventris,38.5
Sholicola major,38.5
Sialia currucoides,29.6
Sialia mexicana,26.4
Sialia sialis,27.5
Sibirionetta formosa,434.0
Sicalis auriventris,55.0
Sicalis citrina,11.6
Sicalis columbiana,13.4
Sicalis flaveola,16.9
Sicalis lebruni,25.3
Sicalis lutea,16.3
Sicalis luteocephala,16.3
Sicalis luteola,15.9
Sicalis mendozae,18.1
Sicalis olivascens,21.8
Sicalis raimondii,15.8
Sicalis taczanowskii,8.0
Sicalis uropygialis,22.5
Sinosuthora alphonsiana,10.5
Sinosuthora brunnea,9.2
Sinosuthora conspicillata,8.5
Sinosuthora przewalskii,8.5
Sinosuthora webbiana,10.9
Sinosuthora zappeyi,9.5
Siphonorhis brewsteri,37.0
Sipia berlepschi,25.6
Sipia laemosticta,25.0
Sipia nigricauda,24.0
Sipia palliata,25.0
Sipodotus wallacii,7.7
Siptornis striaticollis,13.0
Sirystes albocinereus,38.0
Sirystes albogriseus,34.0
Sirystes sibilator,32.3
Sirystes subcanescens,34.0
Sitta azurea,16.3
Sitta canadensis,9.8
Sitta carolinensis,21.0
Sitta cashmirensis,19.0
Sitta castanea,19.6
Sitta cinnamoventris,19.6
Sitta europaea,20.4
Sitta formosa,21.0
Sitta frontalis,16.5
Sitta himalayensis,14.3
Sitta insularis,10.2
Sitta krueperi,12.4
Sitta ledanti,17.2
Sitta leucopsis,14.8
Sitta magna,41.1
Sitta nagaensis,14.7
Sitta neglecta,19.6
Sitta neumayer,26.5
Sitta oenochlamys,16.4
Sitta przewalskii,14.8
Sitta pusilla,10.2
Sitta pygmaea,10.6
Sitta solangiae,15.0
Sitta tephronota,35.2
Sitta victoriae,14.3
Sitta villosa,9.4
Sitta whiteheadi,11.8
Sitta yunnanensis,9.9
Sittasomus griseicapillus,13.1
Sittiparus castaneoventris,17.0
Sittiparus olivaceus,17.0
Sittiparus owstoni,17.0
Sittiparus semilarvatus,18.0
Sittiparus varius,17.0
Smicrornis brevirostris,5.3
Smithornis capensis,23.2
Smithornis rufolateralis,19.0
Smithornis sharpei,37.5
Smutsornis africanus,87.5
Snowornis cryptolophus,73.6
Snowornis subalaris,81.2
Somateria fischeri,1557.2
Somateria mollissima,2060.9
Somateria spectabilis,1616.7
Spartonoica maluroides,11.0
Spatula clypeata,612.6
Spatula cyanoptera,377.5
Spatula discors,359.4
Spatula hottentota,276.4
Spatula platalea,465.4
Spatula puna,595.2
Spatula querquedula,325.6
Spatula rhynchotis,639.0
Spatula smithii,591.5
Spatula versicolor,595.2
Speculanas specularis,1496.1
Speculipastor bicolor,64.2
Spelaeornis badeigularis,6.0
Spelaeornis caudatus,11.0
Spelaeornis chocolatinus,11.8
Spelaeornis kinneari,11.8
Spelaeornis longicaudatus,12.0
Spelaeornis oatesi,11.8
Spelaeornis reptatus,11.8
Spelaeornis troglodytoides,7.0
Spermestes bicolor,9.9
Spermestes cucullata,9.0
Spermestes fringilloides,16.8
Spermestes griseicapilla,15.0
Spermophaga haematina,23.0
Spermophaga poliogenys,19.8
Spermophaga ruficapilla,23.6
Sphecotheres hypoleucus,77.5
Sphecotheres vieilloti,121.5
Sphecotheres viridis,121.0
Spheniscus demersus,3130.1
Spheniscus humboldti,4366.4
Spheniscus magellanicus,4105.1
Spheniscus mendiculus,1921.9
Sphenoeacus afer,30.4
Sphenopsis frontalis,17.0
Sphenopsis melanotis,16.0
Sphyrapicus nuchalis,48.5
Sphyrapicus ruber,54.8
Sphyrapicus thyroideus,47.6
Sphyrapicus varius,50.3
Spiloptila clamans,7.0
Spilornis cheela,597.7
Spilornis elgini,895.0
Spilornis holospilus,705.0
Spilornis kinabaluensis,597.7
Spilornis klossi,450.0
Spilornis rufipectus,705.0
Spindalis dominicensis,29.4
Spindalis nigricephala,45.1
Spindalis portoricensis,32.1
Spindalis zena,25.4
Spinus atratus,16.0
Spinus atriceps,13.5
Spinus barbatus,15.5
Spinus crassirostris,19.0
Spinus cucullatus,9.8
Spinus dominicensis,12.6
Spinus lawrencei,10.9
Spinus magellanicus,13.6
Spinus notatus,10.9
Spinus olivaceus,13.6
Spinus pinus,12.7
Spinus psaltria,8.8
Spinus siemiradzkii,13.6
Spinus spinescens,11.3
Spinus spinus,13.2
Spinus thibetanus,10.5
Spinus tristis,12.8
Spinus uropygialis,14.0
Spinus xanthogastrus,12.7
Spinus yarrellii,10.5
Spiza americana,26.2
Spizaetus isidori,1197.4
Spizaetus melanoleucus,850.0
Spizaetus ornatus,1197.4
Spizaetus tyrannus,1007.1
Spizella atrogularis,11.3
Spizella breweri,10.9
Spizella pallida,11.2
Spizella passerina,12.2
Spizella pusilla,12.5
Spizella wortheni,12.4
Spizelloides arborea,17.8
Spiziapteryx circumcincta,166.2
Spizixos canifrons,44.0
Spizixos semitorques,39.0
Spizocorys conirostris,14.3
Spizocorys fremantlii,23.4
Spizocorys fringillaris,19.2
Spizocorys obbiensis,13.5
Spizocorys personata,19.7
Spizocorys sclateri,19.0
Spizocorys starki,18.5
Spodiopsar cineraceus,83.0
Spodiopsar sericeus,65.0
Spodiornis rusticus,15.6
Sporathraupis cyanocephala,36.0
Sporophila albogularis,9.7
Sporophila americana,12.0
Sporophila angolensis,13.0
Sporophila ardesiaca,10.9
Sporophila atrirostris,26.0
Sporophila beltoni,12.0
Sporophila bouvreuil,8.6
Sporophila bouvronides,9.1
Sporophila caerulescens,9.7
Sporophila castaneiventris,7.8
Sporophila cinnamomea,8.9
Sporophila collaris,13.5
Sporophila corvina,10.6
Sporophila crassirostris,20.9
Sporophila falcirostris,13.5
Sporophila fringilloides,12.7
Sporophila frontalis,19.3
Sporophila funerea,13.0
Sporophila hypochroma,9.7
Sporophila hypoxantha,10.5
Sporophila intermedia,12.1
Sporophila leucoptera,15.5
Sporophila lineola,9.8
Sporophila luctuosa,12.5
Sporophila maximiliani,24.6
Sporophila melanogaster,9.3
Sporophila minuta,7.8
Sporophila morelleti,8.7
Sporophila murallae,10.8
Sporophila nigricollis,9.6
Sporophila nigrorufa,10.8
Sporophila nuttingi,24.0
Sporophila palustris,8.2
Sporophila peruviana,12.6
Sporophila pileata,8.6
Sporophila plumbea,9.7
Sporophila ruficollis,8.6
Sporophila schistacea,12.7
Sporophila simplex,28.0
Sporophila telasco,9.6
Sporophila torqueola,8.7
Sporopipes frontalis,17.3
Sporopipes squamifrons,12.3
Stachyris grammiceps,13.0
Stachyris herberti,29.0
Stachyris humei,34.1
Stachyris leucotis,23.7
Stachyris maculata,29.2
Stachyris nigriceps,15.8
Stachyris nigricollis,26.2
Stachyris nonggangensis,29.0
Stachyris oglei,33.0
Stachyris poliocephala,23.3
Stachyris roberti,34.1
Stachyris strialata,28.0
Stachyris thoracica,12.0
Stactolaema anchietae,47.3
Stactolaema leucotis,54.9
Stactolaema olivacea,49.4
Stactolaema whytii,55.6
Stagonopleura bella,14.0
Stagonopleura guttata,17.6
Stagonopleura oculata,12.9
Staphida castaniceps,11.8
Staphida everetti,12.1
Staphida torqueola,11.8
Starnoenas cyanocephala,219.0
Steatornis caripensis,408.0
Stelgidillas gracilirostris,31.2
Stelgidopteryx ruficollis,16.1
Stelgidopteryx serripennis,15.7
Stenostira scita,5.9
Stephanoaetus coronatus,3640.0
Stephanophorus diadematus,35.4
Stephanoxis lalandi,4.0
Stephanoxis loddigesii,4.0
Stercorarius antarcticus,1650.0
Stercorarius chilensis,1367.8
Stercorarius longicaudus,287.9
Stercorarius maccormicki,1347.1
Stercorarius parasiticus,444.3
Stercorarius pomarinus,692.5
Stercorarius skua,1338.2
Sterna acuticauda,153.0
Sterna aurantia,209.0
Sterna dougallii,112.0
Sterna forsteri,149.0
Sterna hirundinacea,188.0
Sterna hirundo,129.2
Sterna paradisaea,110.0
Sterna repressa,90.0
Sterna striata,129.0
Sterna sumatrana,106.0
Sterna trudeaui,153.0
Sterna virgata,126.0
Sterna vittata,139.0
Sternoclyta cyanopectus,8.0
Sternula albifrons,57.0
Sternula antillarum,45.9
Sternula balaenarum,60.0
Sternula lorata,53.8
Sternula nereis,72.3
Sternula saundersi,42.5
Sternula superciliaris,46.4
Sterrhoptilus capitalis,14.9
Sterrhoptilus dennistouni,15.7
Sterrhoptilus nigrocapitatus,14.1
Stictonetta naevosa,903.3
Stigmatura budytoides,11.1
Stigmatura napensis,9.8
Stilpnia argyrofenges,19.0
Stilpnia cayana,18.0
Stilpnia cucullata,27.9
Stilpnia cyanicollis,17.0
Stilpnia cyanoptera,21.5
Stilpnia heinei,20.2
Stilpnia larvata,20.0
Stilpnia meyerdeschauenseei,26.0
Stilpnia nigrocincta,17.0
Stilpnia peruviana,22.2
Stilpnia phillipsi,19.9
Stilpnia preciosa,22.8
Stilpnia viridicollis,21.0
Stilpnia vitriolina,23.0
Stiltia isabella,65.5
Stiphrornis erythrothorax,15.6
Stipiturus malachurus,7.3
Stipiturus mallee,5.5
Stipiturus ruficeps,5.0
Stizoptera bichenovii,9.6
Stomiopera flava,21.4
Stomiopera unicolor,30.7
Strepera fuliginosa,375.5
Strepera graculina,298.9
Strepera versicolor,395.5
Streptocitta albertinae,248.0
Streptocitta albicollis,248.0
Streptopelia bitorquata,153.0
Streptopelia capicola,142.0
Streptopelia chinensis,159.0
Streptopelia decaocto,149.0
Streptopelia decipiens,134.0
Streptopelia dusumieri,153.0
Streptopelia hypopyrrha,162.0
Streptopelia lugens,155.0
Streptopelia orientalis,232.9
Streptopelia picturata,176.8
Streptopelia reichenowi,119.0
Streptopelia roseogrisea,155.0
Streptopelia semitorquata,176.0
Streptopelia senegalensis,82.1
Streptopelia tranquebarica,103.0
Streptopelia turtur,132.0
Streptopelia vinacea,110.0
Streptoprocne biscutata,95.8
Streptoprocne phelpsi,21.8
Streptoprocne rutila,20.2
Streptoprocne semicollaris,175.0
Streptoprocne zonaris,86.8
Stresemannia bougainvillei,24.7
Strigops habroptila,1732.1
Strix aluco,472.5
Strix butleri,219.0
Strix chacoensis,330.0
Strix davidi,780.6
Strix fulvescens,711.5
Strix hadorami,219.0
Strix hylophila,345.4
Strix leptogrammica,970.0
Strix mauritanica,472.5
Strix nebulosa,1061.9
Strix nivicolum,472.5
Strix occidentalis,586.4
Strix ocellata,1011.0
Strix rufipes,380.0
Strix sartorii,711.5
Strix seloputo,1011.0
Strix uralensis,780.6
Strix varia,711.5
Strix woodfordii,350.0
Struthidea cinerea,132.0
Struthio camelus,111000.0
Struthio molybdophanes,111000.0
Sturnella magna,91.8
Sturnella neglecta,100.1
Sturnia blythii,39.6
Sturnia erythropygia,39.6
Sturnia malabarica,39.6
Sturnia pagodarum,48.9
Sturnia sinensis,61.0
Sturnornis albofrontatus,39.6
Sturnus unicolor,83.7
Sturnus vulgaris,77.1
Sublegatus arenarum,12.3
Sublegatus modestus,14.0
Sublegatus obscurior,16.0
Sugomel nigrum,9.9
Suiriri suiriri,14.5
Sula dactylatra,1732.1
Sula granti,1732.1
Sula leucogaster,1288.8
Sula nebouxii,1520.1
Sula sula,1031.1
Sula variegata,1432.5
Surnia ulula,319.9
Surniculus dicruroides,29.7
Surniculus lugubris,29.7
Surniculus musschenbroeki,29.7
Surniculus velutinus,35.6
Suthora fulvifrons,6.4
Suthora nipalensis,5.5
Suthora verreauxi,6.0
Swynnertonia swynnertoni,16.0
Sylvia abyssinica,18.8
Sylvia atricapilla,16.7
Sylvia atriceps,18.8
Sylvia borin,18.2
Sylvia dohrni,19.3
Sylvia galinieri,21.5
Sylvia nigricapillus,29.6
Sylvietta brachyura,8.1
Sylvietta denti,8.4
Sylvietta isabellina,10.0
Sylvietta leucophrys,11.3
Sylvietta philippae,8.6
Sylvietta rufescens,11.6
Sylvietta ruficapilla,11.1
Sylvietta virens,8.4
Sylvietta whytii,9.9
Sylviorthorhynchus desmursii,10.9
Sylviorthorhynchus yanacensis,8.8
Sylviparus modestus,7.1
Syma megarhyncha,56.0
Syma torotoro,37.7
Symposiachrus axillaris,15.6
Symposiachrus barbatus,21.0
Symposiachrus boanensis,17.5
Symposiachrus brehmii,41.0
Symposiachrus browni,16.4
Symposiachrus everetti,16.4
Symposiachrus guttula,16.4
Symposiachrus infelix,16.4
Symposiachrus julianae,16.4
Symposiachrus leucurus,16.4
Symposiachrus loricatus,27.3
Symposiachrus manadensis,22.5
Symposiachrus menckei,16.4
Symposiachrus mundus,27.3
Symposiachrus rubiensis,27.3
Symposiachrus sacerdotum,37.0
Symposiachrus trivirgatus,12.7
Symposiachrus verticalis,21.7
Symposiachrus vidua,17.1
Synallaxis albescens,11.2
Synallaxis albigularis,15.4
Synallaxis albilora,14.9
Synallaxis azarae,16.9
Synallaxis beverlyae,12.8
Synallaxis brachyura,18.3
Synallaxis cabanisi,22.7
Synallaxis candei,15.3
Synallaxis castanea,15.0
Synallaxis cherriei,16.0
Synallaxis chinchipensis,10.2
Synallaxis cinerascens,13.1
Synallaxis cinerea,16.2
Synallaxis cinnamomea,18.4
Synallaxis courseni,16.8
Synallaxis erythrothorax,17.1
Synallaxis frontalis,14.0
Synallaxis fuscorufa,16.0
Synallaxis gujanensis,18.1
Synallaxis hellmayri,25.5
Synallaxis hypochondriaca,24.5
Synallaxis hypospodia,16.9
Synallaxis infuscata,18.2
Synallaxis kollari,16.0
Synallaxis macconnelli,19.5
Synallaxis maranonica,13.0
Synallaxis moesta,22.4
Synallaxis ruficapilla,13.8
Synallaxis rutilans,16.7
Synallaxis scutata,15.4
Synallaxis spixi,12.6
Synallaxis stictothorax,10.2
Synallaxis subpudica,18.3
Synallaxis tithys,15.8
Synallaxis unirufa,17.9
Synallaxis zimmeri,13.0
Syndactyla dimidiata,29.4
Syndactyla guttulata,36.0
Syndactyla roraimae,27.5
Syndactyla ruficollis,31.0
Syndactyla rufosuperciliata,25.6
Syndactyla striata,41.6
Syndactyla subalaris,28.9
Syndactyla ucayalae,49.8
Synoicus adansonii,40.4
Synoicus chinensis,40.4
Synoicus monorthonyx,401.0
Synoicus ypsilophorus,107.7
Synorhacma multistriata,37.0
Synthliboramphus antiquus,217.7
Synthliboramphus craveri,151.0
Synthliboramphus hypoleucus,167.0
Synthliboramphus scrippsi,167.0
Synthliboramphus wumizusume,198.0
Sypheotides indicus,614.3
Syrigma sibilatrix,463.0
Syrmaticus ellioti,1007.5
Syrmaticus humiae,873.4
Syrmaticus mikado,1148.7
Syrmaticus reevesii,1204.6
Syrmaticus soemmerringii,1081.7
Syrrhaptes paradoxus,256.4
Syrrhaptes tibetanus,343.7
Syrtidicola fluviatilis,14.7
Systellura decussata,45.6
Systellura longirostris,45.6
Taccocua leschenaultii,174.7
Tachornis furcata,6.5
Tachornis phoenicobia,10.2
Tachornis squamata,11.0
Tachuris rubrigastra,7.8
Tachybaptus dominicus,132.6
Tachybaptus novaehollandiae,219.0
Tachybaptus pelzelnii,184.0
Tachybaptus ruficollis,169.4
Tachycineta albilinea,16.7
Tachycineta albiventer,17.7
Tachycineta bicolor,21.2
Tachycineta cyaneoviridis,17.5
Tachycineta euchrysea,17.0
Tachycineta leucopyga,14.9
Tachycineta leucorrhoa,15.3
Tachycineta stolzmanni,11.3
Tachycineta thalassina,14.1
Tachyeres brachypterus,3450.0
Tachyeres leucocephalus,3013.0
Tachyeres patachonicus,2821.6
Tachyeres pteneres,4737.6
Tachyphonus coronatus,29.3
Tachyphonus delatrii,18.0
Tachyphonus phoenicius,21.0
Tachyphonus rufus,34.4
Tachyphonus surinamus,19.0
Tadorna cana,1182.0
Tadorna ferruginea,1235.0
Tadorna tadorna,1146.8
Tadorna tadornoides,1418.7
Tadorna variegata,1541.0
Taenioptynx brodiei,59.4
Taenioptynx sylvaticus,59.4
Taeniopygia guttata,12.0
Taeniotriccus andrei,9.5
Talaphorus chlorocercus,4.6
Talegalla cuvieri,1785.0
Talegalla fuscirostris,1314.5
Talegalla jobiensis,1478.8
Tangara arthus,22.0
Tangara callophrys,22.9
Tangara chilensis,19.8
Tangara chrysotis,24.0
Tangara cyanocephala,18.0
Tangara cyanotis,15.0
Tangara cyanoventris,16.5
Tangara desmaresti,20.4
Tangara dowii,15.0
Tangara fastuosa,25.5
Tangara florida,19.3
Tangara fucosa,21.0
Tangara gyrola,21.0
Tangara icterocephala,22.0
Tangara inornata,18.0
Tangara johannae,20.0
Tangara labradorides,15.0
Tangara lavinia,24.0
Tangara mexicana,20.5
Tangara nigroviridis,17.0
Tangara parzudakii,28.0
Tangara rufigenis,16.5
Tangara schrankii,19.0
Tangara seledon,18.7
Tangara vassorii,18.0
Tangara velia,21.0
Tangara xanthocephala,19.0
Tanygnathus gramineus,237.3
Tanygnathus lucionensis,215.0
Tanygnathus megalorynchos,325.0
Tanygnathus sumatranus,269.6
Tanysiptera carolinae,50.2
Tanysiptera danae,43.5
Tanysiptera ellioti,50.2
Tanysiptera galatea,50.0
Tanysiptera hydrocharis,33.0
Tanysiptera nigriceps,49.6
Tanysiptera nympha,57.0
Tanysiptera riedelii,63.5
Tanysiptera sylvia,49.6
Taoniscus nanus,43.0
Tapera naevia,48.4
Taphrolesbia griseiventris,8.9
Taphrospilus hypostictus,7.0
Taraba major,59.2
Tarphonomus certhioides,22.1
Tarphonomus harterti,23.9
Tarsiger chrysaeus,13.8
Tarsiger cyanurus,13.4
Tarsiger hyperythrus,12.0
Tarsiger indicus,14.6
Tarsiger johnstoniae,10.5
Tarsiger rufilatus,12.8
Tauraco bannermani,224.0
Tauraco corythaix,308.0
Tauraco erythrolophus,261.2
Tauraco fischeri,250.0
Tauraco hartlaubi,224.0
Tauraco leucolophus,219.0
Tauraco leucotis,265.0
Tauraco livingstonii,249.0
Tauraco macrorhynchus,243.7
Tauraco persa,306.0
Tauraco porphyreolophus,259.0
Tauraco ruspolii,263.0
Tauraco schalowi,206.4
Tauraco schuettii,235.0
Tchagra australis,32.3
Tchagra jamesi,27.4
Tchagra minutus,34.4
Tchagra senegalus,53.5
Tchagra tchagra,50.3
Telacanthura melanopygia,52.0
Telacanthura ussheri,32.6
Teledromas fuscus,37.9
Telespiza cantans,33.3
Telespiza ultima,24.2
Telophorus bocagei,27.0
Telophorus dohertyi,35.0
Telophorus kupeensis,34.8
Telophorus multicolor,50.9
Telophorus nigrifrons,34.8
Telophorus olivaceus,33.6
Telophorus sulfureopectus,27.1
Telophorus viridis,37.1
Telophorus zeylonus,65.0
Temnurus temnurus,138.0
Tephrodornis affinis,20.2
Tephrodornis pondicerianus,20.2
Tephrodornis sylvicola,37.8
Tephrodornis virgatus,37.8
Tephrophilus wetmorei,62.5
Tephrozosterops stalkeri,17.7
Terathopius ecaudatus,2200.0
Terenotriccus erythrurus,7.4
Terenura maculata,6.5
Terenura sicki,6.4
Teretistris fernandinae,9.9
Teretistris fornsi,9.7
Terpsiphone affinis,19.2
Terpsiphone atrocaudata,18.7
Terpsiphone atrochalybeia,12.2
Terpsiphone batesi,15.4
Terpsiphone bedfordi,15.4
Terpsiphone bourbonnensis,10.8
Terpsiphone cinnamomea,20.4
Terpsiphone corvina,18.0
Terpsiphone cyanescens,24.6
Terpsiphone incei,19.2
Terpsiphone mutata,13.2
Terpsiphone paradisi,19.2
Terpsiphone rufiventer,15.1
Terpsiphone rufocinerea,15.4
Terpsiphone viridis,13.2
Territornis albilineata,23.7
Territornis fordiana,23.7
Territornis reticulata,23.6
Tersina viridis,29.0
Tesia cyaniventer,9.7
Tesia everetti,6.3
Tesia olivea,7.0
Tesia superciliaris,7.0
Tetrao urogalloides,2752.3
Tetrao urogallus,2716.6
Tetraogallus altaicus,2760.4
Tetraogallus caspius,2508.2
Tetraogallus caucasicus,1830.8
Tetraogallus himalayensis,2428.0
Tetraogallus tibetanus,1488.9
Tetraophasis obscurus,855.4
Tetraophasis szechenyii,1053.0
Tetrastes bonasia,429.0
Tetrastes sewerzowi,267.3
Tetrax tetrax,833.5
Thalassarche bulleri,2781.5
Thalassarche cauta,3897.7
Thalassarche chlororhynchos,2128.8
Thalassarche chrysostoma,3499.0
Thalassarche eremita,3897.7
Thalassarche melanophris,3202.9
Thalassarche salvini,3897.7
Thalasseus albididorsalis,415.3
Thalasseus bengalensis,209.0
Thalasseus bergii,328.0
Thalasseus bernsteini,284.0
Thalasseus elegans,260.0
Thalasseus maximus,415.3
Thalasseus sandvicensis,199.8
Thalassoica antarctica,708.4
Thalassornis leuconotus,707.5
Thalurania colombica,4.5
Thalurania furcata,4.2
Thalurania glaucopis,4.8
Thalurania watertonii,4.6
Thamnistes anabatinus,20.7
Thamnistes rufescens,20.7
Thamnolaea cinnamomeiventris,39.8
Thamnolaea semirufa,46.7
Thamnomanes ardesiacus,17.7
Thamnomanes caesius,15.7
Thamnomanes saturninus,20.4
Thamnomanes schistogynus,17.2
Thamnophilus aethiops,25.7
Thamnophilus amazonicus,18.7
Thamnophilus ambiguus,23.4
Thamnophilus aroyae,20.0
Thamnophilus atrinucha,23.6
Thamnophilus bernardi,34.4
Thamnophilus bridgesi,27.0
Thamnophilus caerulescens,21.1
Thamnophilus cryptoleucus,27.5
Thamnophilus divisorius,22.2
Thamnophilus doliatus,27.0
Thamnophilus insignis,24.9
Thamnophilus melanonotus,25.5
Thamnophilus melanothorax,31.8
Thamnophilus multistriatus,27.5
Thamnophilus murinus,19.3
Thamnophilus nigriceps,22.9
Thamnophilus nigrocinereus,30.0
Thamnophilus palliatus,27.0
Thamnophilus pelzelni,20.9
Thamnophilus praecox,29.5
Thamnophilus punctatus,19.4
Thamnophilus ruficapillus,20.4
Thamnophilus schistaceus,20.3
Thamnophilus stictocephalus,21.5
Thamnophilus sticturus,18.2
Thamnophilus tenuepunctatus,23.3
Thamnophilus torquatus,21.1
Thamnophilus unicolor,24.2
Thamnophilus zarumae,22.8
Thamnornis chloropetoides,14.3
Thaumasius baeri,4.5
Thaumasius taczanowskii,6.4
Thaumastura cora,1.9
Thectocercus acuticaudatus,171.0
Theristicus branickii,1492.0
Theristicus caerulescens,1500.0
Theristicus caudatus,1726.0
Theristicus melanopis,1250.0
Thescelocichla leucopleura,62.1
Thinocorus orbignyianus,115.0
Thinocorus rumicivorus,53.1
Thinornis cucullatus,100.0
Thinornis novaeseelandiae,61.0
Thlypopsis fulviceps,12.0
Thlypopsis inornata,15.0
Thlypopsis ornata,12.0
Thlypopsis pectoralis,15.0
Thlypopsis pyrrhocoma,15.6
Thlypopsis ruficeps,11.0
Thlypopsis sordida,17.0
Thlypopsis superciliaris,14.0
Thraupis abbas,45.0
Thraupis cyanoptera,43.3
Thraupis episcopus,35.0
Thraupis glaucocolpa,31.6
Thraupis ornata,33.0
Thraupis palmarum,39.0
Thraupis sayaca,32.5
Threnetes leucurus,5.6
Threnetes niger,5.6
Threnetes ruckeri,5.2
Threskiornis aethiopicus,1493.2
Threskiornis bernieri,1493.2
Threskiornis melanocephalus,1303.0
Threskiornis molucca,1794.9
Threskiornis spinicollis,1346.7
Thripadectes flammulatus,55.9
Thripadectes holostictus,40.7
Thripadectes ignobilis,47.2
Thripadectes melanorhynchus,44.3
Thripadectes rufobrunneus,56.2
Thripadectes scrutator,66.3
Thripadectes virgaticeps,65.8
Thripophaga amacurensis,27.7
Thripophaga berlepschi,25.2
Thripophaga cherriei,12.8
Thripophaga fusciceps,23.0
Thripophaga macroura,27.7
Thryomanes bewickii,9.9
Thryophilus nicefori,24.9
Thryophilus pleurostictus,17.7
Thryophilus rufalbus,24.9
Thryophilus sernai,24.9
Thryophilus sinaloa,15.1
Thryorchilus browni,14.0
Thryothorus ludovicianus,19.0
Tiaris olivaceus,8.5
Tichodroma muraria,17.6
Tickellia hodgsoni,4.5
Tigriornis leucolopha,846.0
Tigrisoma fasciatum,850.0
Tigrisoma lineatum,813.0
Tigrisoma mexicanum,1154.4
Tilmatura dupontii,2.2
Timalia pileata,16.0
Timeliopsis fulvigula,18.3
Timeliopsis griseigula,32.0
Tinamotis ingoufi,950.0
Tinamotis pentlandii,650.0
Tinamus guttatus,686.2
Tinamus major,1026.2
Tinamus osgoodi,1285.0
Tinamus solitarius,1386.4
Tinamus tao,1600.1
Tityra cayana,68.1
Tityra inquisitor,43.1
Tityra semifasciata,79.3
Tmetothylacus tenellus,20.1
Tockus damarensis,210.0
Tockus deckeni,167.7
Tockus erythrorhynchus,138.6
Tockus flavirostris,216.7
Tockus jacksoni,167.7
Tockus kempi,182.0
Tockus leucomelas,188.3
Tockus monteiri,289.8
Tockus ruahae,200.0
Tockus rufirostris,150.0
Todiramphus albicilla,66.1
Todiramphus albonotatus,32.0
Todiramphus australasia,43.0
Todiramphus chloris,66.1
Todiramphus cinnamominus,62.2
Todiramphus colonus,66.1
Todiramphus diops,47.4
Todiramphus enigma,66.1
Todiramphus farquhari,38.8
Todiramphus funebris,126.0
Todiramphus gertrudae,39.0
Todiramphus godeffroyi,63.4
Todiramphus lazuli,47.4
Todiramphus leucopygius,47.9
Todiramphus macleayii,37.3
Todiramphus nigrocyaneus,54.2
Todiramphus pelewensis,62.2
Todiramphus pyrrhopygius,51.7
Todiramphus recurvirostris,53.0
Todiramphus reichenbachii,62.2
Todiramphus ruficollaris,34.9
Todiramphus sacer,66.1
Todiramphus sanctus,53.0
Todiramphus saurophagus,126.0
Todiramphus sordidus,66.1
Todiramphus tristrami,66.1
Todiramphus tutus,42.3
Todiramphus veneratus,44.5
Todiramphus winchelli,67.4
Todirostrum chrysocrotaphum,7.0
Todirostrum cinereum,6.3
Todirostrum maculatum,7.3
Todirostrum nigriceps,6.5
Todirostrum pictum,6.8
Todirostrum poliocephalum,5.6
Todirostrum viridanum,6.5
Todus angustirostris,7.5
Todus mexicanus,5.9
Todus multicolor,5.9
Todus subulatus,8.7
Todus todus,6.4
Tolmomyias assimilis,17.0
Tolmomyias flaviventris,12.2
Tolmomyias poliocephalus,10.8
Tolmomyias sulphurescens,14.3
Tolmomyias traylori,11.5
Topaza pella,12.1
Topaza pyra,12.1
Torgos tracheliotos,6969.0
Torreornis inexpectata,25.5
Touit batavicus,55.0
Touit costaricensis,80.0
Touit dilectissimus,65.0
Touit huetii,60.0
Touit melanonotus,66.5
Touit purpuratus,59.7
Touit stictopterus,78.8
Touit surdus,51.0
Toxorhamphus novaeguineae,11.8
Toxorhamphus poliopterus,11.4
Toxostoma bendirei,62.2
Toxostoma cinereum,59.0
Toxostoma crissale,62.7
Toxostoma curvirostre,80.5
Toxostoma guttatum,52.8
Toxostoma lecontei,61.9
Toxostoma longirostre,67.6
Toxostoma ocellatum,84.3
Toxostoma redivivum,84.4
Toxostoma rufum,68.8
Trachyphonus darnaudii,35.8
Trachyphonus erythrocephalus,63.5
Trachyphonus margaritatus,64.0
Trachyphonus purpuratus,76.1
Trachyphonus vaillantii,69.4
Tragopan blythii,1930.0
Tragopan caboti,1122.5
Tragopan melanocephalus,1613.2
Tragopan satyra,1417.0
Tragopan temminckii,1163.4
Tregellasia capito,13.9
Tregellasia leucops,15.6
Treron affinis,234.0
Treron apicauda,217.2
Treron aromaticus,234.0
Treron australis,229.0
Treron axillaris,234.0
Treron bicinctus,174.0
Treron calvus,197.5
Treron capellei,401.3
Treron chloropterus,234.0
Treron curvirostra,134.5
Treron floris,205.7
Treron formosae,140.0
Treron fulvicollis,167.0
Treron griseicauda,205.7
Treron griveaudi,229.0
Treron olax,77.0
Treron oxyurus,205.7
Treron pembaensis,205.7
Treron phayrei,187.0
Treron phoenicopterus,235.0
Treron pompadora,234.0
Treron psittaceus,205.7
Treron sanctithomae,205.7
Treron seimundi,157.8
Treron sieboldii,245.0
Treron sphenurus,210.0
Treron teysmannii,205.7
Treron vernans,132.0
Treron waalia,254.0
Tribonyx mortierii,1291.8
Tribonyx ventralis,386.3
Trichodere cockerelli,14.7
Trichoglossus capistratus,113.3
Trichoglossus chlorolepidotus,87.1
Trichoglossus euteles,73.7
Trichoglossus forsteni,113.3
Trichoglossus haematodus,113.3
Trichoglossus moluccanus,113.3
Trichoglossus rubiginosus,77.5
Trichoglossus rubritorquis,113.3
Trichoglossus weberi,113.3
Tricholaema diademata,30.6
Tricholaema frontata,26.8
Tricholaema hirsuta,55.2
Tricholaema lacrymosa,22.9
Tricholaema leucomelas,32.2
Tricholaema melanocephala,20.5
Tricholestes criniger,17.1
Trichothraupis melanops,22.6
Triclaria malachitacea,90.0
Trigonoceps occipitalis,3016.0
Tringa brevipes,127.0
Tringa erythropus,158.0
Tringa flavipes,77.5
Tringa glareola,62.1
Tringa guttifer,158.0
Tringa incana,108.2
Tringa melanoleuca,161.7
Tringa nebularia,187.0
Tringa ochropus,71.4
Tringa semipalmata,245.7
Tringa solitaria,48.4
Tringa stagnatilis,77.5
Tringa totanus,129.0
Trochalopteron affine,72.7
Trochalopteron austeni,59.0
Trochalopteron chrysopterum,71.7
Trochalopteron elliotii,45.0
Trochalopteron erythrocephalum,71.7
Trochalopteron formosum,94.5
Trochalopteron henrici,65.0
Trochalopteron imbricatum,40.7
Trochalopteron lineatum,40.7
Trochalopteron melanostigma,71.7
Trochalopteron milnei,79.5
Trochalopteron morrisonianum,73.1
Trochalopteron ngoclinhense,76.7
Trochalopteron peninsulae,71.7
Trochalopteron squamatum,84.0
Trochalopteron subunicolor,65.9
Trochalopteron variegatum,64.5
Trochalopteron virgatum,48.0
Trochalopteron yersini,78.6
Trochilus polytmus,4.8
Trochocercus cyanomelas,10.2
Trochocercus nitens,11.8
Troglodytes aedon,10.9
Troglodytes cobbi,19.1
Troglodytes hiemalis,8.9
Troglodytes monticola,9.0
Troglodytes ochraceus,9.4
Troglodytes pacificus,9.4
Troglodytes rufociliatus,10.0
Troglodytes rufulus,16.1
Troglodytes sissonii,7.8
Troglodytes solstitialis,11.4
Troglodytes tanneri,12.0
Troglodytes troglodytes,9.7
Trogon bairdii,94.4
Trogon caligatus,42.0
Trogon chionurus,89.7
Trogon citreolus,79.0
Trogon clathratus,130.0
Trogon collaris,65.4
Trogon comptus,114.0
Trogon curucui,54.0
Trogon elegans,70.9
Trogon massena,141.0
Trogon melanocephalus,85.1
Trogon melanurus,114.0
Trogon mesurus,114.0
Trogon mexicanus,71.0
Trogon personatus,63.4
Trogon ramonianus,43.4
Trogon rufus,53.8
Trogon surrucura,73.3
Trogon violaceus,46.5
Trogon viridis,89.7
Tropicoperdix charltonii,269.3
Tropicoperdix chloropus,250.0
Trugon terrestris,400.0
Tumbezia salvini,12.2
Tunchiornis ochraceiceps,11.6
Turacoena manadensis,208.6
Turacoena modesta,340.0
Turacoena sulaensis,208.6
Turdinus atrigularis,66.3
Turdinus macrodactylus,48.7
Turdinus marmoratus,41.0
Turdoides atripennis,85.6
Turdoides bicolor,78.3
Turdoides chapini,50.0
Turdoides gilberti,64.0
Turdoides gymnogenys,77.0
Turdoides hartlaubii,86.2
Turdoides hindei,67.6
Turdoides hypoleuca,74.0
Turdoides jardineii,78.2
Turdoides leucocephala,63.3
Turdoides leucopygia,82.4
Turdoides melanops,77.0
Turdoides nipalensis,61.0
Turdoides plebejus,62.5
Turdoides reinwardtii,78.8
Turdoides rufocinctus,47.0
Turdoides sharpei,79.3
Turdoides squamulata,69.4
Turdoides tenebrosa,76.0
Turdus abyssinicus,67.3
Turdus albicollis,54.0
Turdus albocinctus,99.4
Turdus amaurochalinus,57.9
Turdus arthuri,63.8
Turdus assimilis,70.2
Turdus atrogularis,106.0
Turdus aurantius,81.9
Turdus bewsheri,63.3
Turdus boulboul,97.1
Turdus cardis,58.9
Turdus celaenops,84.5
Turdus chiguanco,93.3
Turdus chrysolaus,65.4
Turdus dissimilis,75.0
Turdus eremita,91.0
Turdus eunomus,73.2
Turdus falcklandii,93.9
Turdus feae,71.0
Turdus flavipes,65.1
Turdus fulviventris,70.0
Turdus fumigatus,75.7
Turdus fuscater,143.0
Turdus grayi,79.5
Turdus haplochrous,84.0
Turdus hauxwelli,69.0
Turdus helleri,68.7
Turdus hortulorum,66.7
Turdus ignobilis,63.8
Turdus iliacus,61.2
Turdus infuscatus,72.4
Turdus jamaicensis,59.1
Turdus kessleri,76.3
Turdus lawrencii,72.6
Turdus leucomelas,69.1
Turdus leucops,62.4
Turdus lherminieri,105.0
Turdus libonyana,60.6
Turdus ludoviciae,62.0
Turdus maculirostris,69.6
Turdus mandarinus,102.7
Turdus maranonicus,70.0
Turdus maximus,89.5
Turdus menachensis,75.4
Turdus merula,102.7
Turdus migratorius,78.5
Turdus murinus,63.8
Turdus naumanni,73.2
Turdus nigrescens,96.0
Turdus nigriceps,52.7
Turdus niveiceps,61.6
Turdus nudigenis,63.9
Turdus obscurus,62.6
Turdus obsoletus,74.8
Turdus olivaceofuscus,87.0
Turdus olivaceus,67.3
Turdus olivater,86.6
Turdus pallidus,72.1
Turdus pelios,65.4
Turdus philomelos,67.7
Turdus pilaris,106.0
Turdus plebejus,86.3
Turdus plumbeus,75.3
Turdus poliocephalus,61.6
Turdus reevei,61.0
Turdus roehli,67.3
Turdus rubrocanus,92.2
Turdus ruficollis,80.6
Turdus rufitorques,72.0
Turdus rufiventris,69.4
Turdus rufopalliatus,75.0
Turdus sanchezorum,68.0
Turdus serranus,84.9
Turdus simillimus,102.7
Turdus smithi,77.8
Turdus subalaris,49.5
Turdus swalesi,75.0
Turdus tephronotus,49.4
Turdus torquatus,109.0
Turdus unicolor,64.2
Turdus viscivorus,117.4
Turdus xanthorhynchus,82.5
Turnix castanotus,82.7
Turnix everetti,28.0
Turnix hottentottus,50.6
Turnix maculosus,39.1
Turnix melanogaster,87.1
Turnix nanus,50.6
Turnix nigricollis,61.3
Turnix ocellatus,110.0
Turnix olivii,56.4
Turnix pyrrhothorax,45.7
Turnix suscitator,49.1
Turnix sylvaticus,52.7
Turnix tanki,52.8
Turnix varius,90.2
Turnix velox,44.3
Turnix worcesteri,67.0
Turtur abyssinicus,62.7
Turtur afer,65.6
Turtur brehmeri,116.0
Turtur chalcospilos,60.6
Turtur tympanistria,70.6
Tylas eduardi,46.8
Tympanuchus cupido,870.1
Tympanuchus pallidicinctus,745.8
Tympanuchus phasianellus,882.4
Tyranneutes stolzmanni,7.2
Tyranneutes virescens,7.2
Tyrannopsis sulphurea,53.6
Tyrannulus elatus,7.0
Tyrannus albogularis,37.1
Tyrannus caudifasciatus,42.4
Tyrannus couchii,39.0
Tyrannus crassirostris,55.9
Tyrannus cubensis,93.6
Tyrannus dominicensis,46.5
Tyrannus forficatus,39.3
Tyrannus melancholicus,37.4
Tyrannus niveigularis,34.4
Tyrannus savana,31.9
Tyrannus tyrannus,39.9
Tyrannus verticalis,39.6
Tyrannus vociferans,45.6
Tyto alba,403.3
Tyto almae,540.0
Tyto aurantia,540.0
Tyto capensis,364.7
Tyto deroepstorffi,403.3
Tyto glaucops,397.5
Tyto inexspectata,540.0
Tyto longimembris,423.5
Tyto manusi,631.9
Tyto nigrobrunnea,631.9
Tyto novaehollandiae,631.9
Tyto rosenbergii,364.7
Tyto sororcula,631.9
Tyto soumagnei,284.0
Tyto tenebricosa,660.6
Upucerthia albigula,39.9
Upucerthia dumetaria,48.7
Upucerthia saturatior,48.7
Upucerthia validirostris,33.6
Upupa epops,66.9
Upupa marginata,66.9
Uraeginthus angolensis,9.9
Uraeginthus bengalus,9.9
Uraeginthus cyanocephalus,9.8
Uranomitra franciae,5.0
Uratelornis chimaera,226.0
Uria aalge,991.9
Uria lomvia,964.0
Urile pelagicus,1844.0
Urile penicillatus,2224.2
Urile urile,2117.7
Urochroa bougueri,11.4
Urochroa leucura,11.4
Urocissa caerulea,257.0
Urocissa erythroryncha,151.5
Urocissa flavirostris,149.2
Urocissa ornata,196.0
Urocissa whiteheadi,200.0
Urocolius indicus,52.7
Urocolius macrourus,45.5
Urocynchramus pylzowi,28.6
Urodynamis taitensis,117.0
Uroglaux dimorpha,220.0
Urolais epichlorus,11.3
Uromyias agilis,10.1
Uromyias agraphia,9.9
Uropelia campestris,35.2
Uropsalis lyra,71.2
Uropsalis segmentata,42.9
Uropsila leucogastra,9.0
Urosphena neumanni,14.2
Urosphena pallidipes,10.0
Urosphena squameiceps,9.3
Urosphena subulata,10.3
Urosphena whiteheadi,9.0
Urosticte benjamini,3.9
Urosticte ruficrissa,4.3
Urothraupis stolzmanni,23.1
Urotriorchis macrourus,492.0
Vanellus albiceps,192.0
Vanellus armatus,156.0
Vanellus cayanus,75.8
Vanellus chilensis,327.0
Vanellus cinereus,270.0
Vanellus coronatus,165.0
Vanellus crassirostris,170.0
Vanellus duvaucelii,143.0
Vanellus gregarius,224.5
Vanellus indicus,181.0
Vanellus leucurus,132.0
Vanellus lugubris,122.0
Vanellus macropterus,325.0
Vanellus malabaricus,140.0
Vanellus melanocephalus,214.0
Vanellus melanopterus,184.9
Vanellus miles,387.0
Vanellus resplendens,214.0
Vanellus senegallus,248.0
Vanellus spinosus,188.0
Vanellus superciliosus,150.0
Vanellus tectus,100.0
Vanellus tricolor,184.0
Vanellus vanellus,218.4
Vanga curvirostris,64.2
Vauriella albigularis,35.7
Vauriella goodfellowi,31.7
Vauriella gularis,25.1
Vauriella insignis,28.7
Vermivora bachmanii,8.6
Vermivora chrysoptera,8.7
Vermivora cyanoptera,8.9
Verreauxia africana,9.4
Vidua camerunensis,12.1
Vidua chalybeata,12.5
Vidua codringtoni,12.8
Vidua fischeri,12.2
Vidua funerea,14.3
Vidua hypocherina,11.9
Vidua interjecta,20.6
Vidua larvaticola,13.1
Vidua macroura,15.7
Vidua maryae,12.8
Vidua nigeriae,12.0
Vidua obtusa,20.7
Vidua orientalis,18.5
Vidua paradisaea,20.4
Vidua purpurascens,13.1
Vidua raricola,11.9
Vidua regia,14.4
Vidua togoensis,15.6
Vidua wilsoni,13.1
Vini amabilis,8.5
Vini australis,49.5
Vini diadema,37.0
Vini kuhlii,40.0
Vini meeki,23.8
Vini palmarum,37.0
Vini peruviana,29.0
Vini rubrigularis,37.0
Vini solitarius,83.3
Vini stepheni,55.0
Vini ultramarina,49.5
Vireo altiloquus,19.0
Vireo atricapilla,9.0
Vireo bairdi,12.0
Vireo bellii,8.5
Vireo brevipennis,11.8
Vireo caribaeus,9.3
Vireo carmioli,13.1
Vireo cassinii,14.7
Vireo chivi,16.1
Vireo crassirostris,13.0
Vireo flavifrons,18.0
Vireo flavoviridis,17.6
Vireo gilvus,12.7
Vireo gracilirostris,16.5
Vireo griseus,11.4
Vireo gundlachii,12.9
Vireo huttoni,11.3
Vireo hypochryseus,12.2
Vireo latimeri,12.0
Vireo leucophrys,12.3
Vireo magister,15.4
Vireo masteri,11.2
Vireo modestus,9.6
Vireo nanus,10.5
Vireo nelsoni,9.4
Vireo olivaceus,16.1
Vireo osburni,19.9
Vireo pallens,11.0
Vireo philadelphicus,11.5
Vireo plumbeus,16.4
Vireo sclateri,11.2
Vireo solitarius,15.3
Vireo vicinior,12.8
Vireolanius eximius,24.0
Vireolanius leucotis,26.0
Vireolanius melitophrys,34.7
Vireolanius pulchellus,24.0
Volatinia jacarina,9.9
Vosea whitemanensis,48.0
Vultur gryphus,11236.1
Wetmorethraupis sterrhopteron,50.2
Willisornis poecilinotus,18.4
Willisornis vidua,18.4
Xanthocephalus xanthocephalus,62.7
Xanthomixis apperti,14.6
Xanthomixis cinereiceps,18.2
Xanthomixis tenebrosa,21.4
Xanthomixis zosterops,10.9
Xanthopsar flavus,43.0
Xanthotis flaviventer,40.0
Xanthotis macleayanus,31.0
Xanthotis polygrammus,20.0
Xema sabini,198.0
Xenerpestes minlosi,11.0
Xenerpestes singularis,11.6
Xenicus gilviventris,17.6
Xenocopsychus ansorgei,35.1
Xenodacnis parina,11.5
Xenoglaux loweryi,48.0
Xenoligea montana,12.5
Xenoperdix udzungwensis,224.9
Xenopipo atronitens,15.5
Xenopipo uniformis,17.9
Xenopirostris damii,59.5
Xenopirostris polleni,61.5
Xenopirostris xenopirostris,59.5
Xenops minutus,10.6
Xenops rutilans,11.2
Xenops tenuirostris,9.7
Xenopsaris albinucha,10.0
Xenornis setifrons,24.6
Xenospingus concolor,21.0
Xenospiza baileyi,17.4
Xenotriccus callizonus,11.2
Xenotriccus mexicanus,13.8
Xenus cinereus,78.8
Xiphidiopicus percussus,60.9
Xiphocolaptes albicollis,118.0
Xiphocolaptes falcirostris,110.0
Xiphocolaptes major,156.0
Xiphocolaptes promeropirhynchus,93.0
Xipholena atropurpurea,61.3
Xipholena lamellipennis,53.8
Xipholena punicea,68.1
Xiphorhynchus atlanticus,21.8
Xiphorhynchus elegans,34.5
Xiphorhynchus erythropygius,46.8
Xiphorhynchus flavigaster,46.2
Xiphorhynchus fuscus,21.8
Xiphorhynchus guttatus,59.7
Xiphorhynchus lachrymosus,56.4
Xiphorhynchus obsoletus,32.6
Xiphorhynchus ocellatus,36.7
Xiphorhynchus pardalotus,34.6
Xiphorhynchus spixii,31.2
Xiphorhynchus susurrans,46.7
Xiphorhynchus triangularis,46.3
Xolmis irupero,28.7
Xolmis velatus,28.7
Yuhina bakeri,17.1
Yuhina brunneiceps,12.5
Yuhina flavicollis,16.9
Yuhina gularis,20.8
Yuhina humilis,14.0
Yuhina nigrimenta,9.5
Yuhina occipitalis,13.0
Yungipicus canicapillus,25.8
Yungipicus kizuki,19.2
Yungipicus maculatus,24.5
Yungipicus moluccensis,16.2
Yungipicus nanus,16.2
Yungipicus ramsayi,24.5
Yungipicus temminckii,66.7
Zanclostomus javanicus,109.0
Zapornia akool,131.4
Zapornia atra,77.4
Zapornia bicolor,57.3
Zapornia flavirostra,86.2
Zapornia fusca,57.3
Zapornia olivieri,86.2
Zapornia parva,49.7
Zapornia paykullii,111.0
Zapornia pusilla,35.4
Zapornia tabuensis,42.2
Zaratornis stresemanni,52.1
Zavattariornis stresemanni,130.0
Zebrilus undulatus,123.0
Zeledonia coronata,21.0
Zenaida asiatica,153.0
Zenaida auriculata,110.2
Zenaida aurita,156.0
Zenaida galapagoensis,111.0
Zenaida graysoni,192.0
Zenaida macroura,118.9
Zenaida meloda,209.2
Zentrygon albifacies,238.0
Zentrygon carrikeri,267.0
Zentrygon chiriquensis,308.0
Zentrygon costaricensis,285.1
Zentrygon frenata,307.0
Zentrygon goldmani,258.0
Zentrygon lawrencii,220.0
Zentrygon linearis,261.0
Zimmerius acer,7.1
Zimmerius albigularis,10.4
Zimmerius bolivianus,11.0
Zimmerius chicomendesi,5.5
Zimmerius chrysops,10.4
Zimmerius cinereicapilla,11.8
Zimmerius gracilipes,7.1
Zimmerius improbus,10.9
Zimmerius parvus,9.7
Zimmerius petersi,10.9
Zimmerius vilissimus,9.7
Zimmerius villarejoi,6.1
Zimmerius viridiflavus,9.6
Zonerodius heliosylus,802.0
Zonotrichia albicollis,24.4
Zonotrichia atricapilla,32.0
Zonotrichia capensis,20.3
Zonotrichia leucophrys,28.0
Zonotrichia querula,35.5
Zoonavena grandidieri,8.0
Zoonavena sylvatica,16.0
Zoonavena thomensis,8.0
Zoothera andromedae,90.5
Zoothera atrigena,65.3
Zoothera aurea,134.1
Zoothera dauma,134.1
Zoothera dixoni,90.0
Zoothera everetti,81.9
Zoothera griseiceps,98.2
Zoothera heinei,82.8
Zoothera heinrichi,73.2
Zoothera imbricata,134.1
Zoothera lunulata,130.0
Zoothera machiki,81.9
Zoothera major,172.0
Zoothera margaretae,65.3
Zoothera marginata,81.0
Zoothera mollissima,98.2
Zoothera monticola,126.0
Zoothera neilgherriensis,134.1
Zoothera salimalii,98.2
Zoothera talaseae,65.3
Zoothera turipavae,65.3
Zosterops abyssinicus,9.4
Zosterops albogularis,30.0
Zosterops aldabrensis,8.9
Zosterops anderssoni,10.9
Zosterops anjuanensis,8.9
Zosterops anomalus,12.0
Zosterops atricapilla,9.2
Zosterops atriceps,12.0
Zosterops atrifrons,10.0
Zosterops auriventer,8.6
Zosterops borbonicus,8.2
Zosterops brunneus,16.1
Zosterops buruensis,12.0
Zosterops ceylonensis,12.6
Zosterops chloris,11.5
Zosterops chloronothos,8.1
Zosterops cinereus,11.2
Zosterops citrinella,11.5
Zosterops comorensis,8.9
Zosterops consobrinorum,10.1
Zosterops conspicillatus,7.9
Zosterops emiliae,13.9
Zosterops erythropleurus,11.0
Zosterops eurycricotus,11.0
Zosterops everetti,10.0
Zosterops explorator,10.5
Zosterops feae,11.4
Zosterops ficedulinus,9.4
Zosterops finschii,10.6
Zosterops flavifrons,10.7
Zosterops flavilateralis,9.4
Zosterops flavissimus,11.5
Zosterops flavus,7.0
Zosterops fuscicapilla,11.2
Zosterops gibbsi,14.9
Zosterops grayi,16.0
Zosterops griseotinctus,14.0
Zosterops griseovirescens,11.0
Zosterops hypolais,10.6
Zosterops hypoxanthus,12.5
Zosterops inornatus,22.9
Zosterops japonicus,11.3
Zosterops kikuyuensis,11.0
Zosterops kirki,8.9
Zosterops kuehni,12.0
Zosterops kulambangrae,10.6
Zosterops lacertosus,28.0
Zosterops lateralis,12.7
Zosterops leucophaeus,14.8
Zosterops lugubris,14.8
Zosterops luteirostris,10.6
Zosterops luteus,9.7
Zosterops maderaspatanus,8.9
Zosterops mauritianus,8.2
Zosterops mayottensis,9.9
Zosterops mbuluensis,11.0
Zosterops meeki,9.0
Zosterops melanocephalus,10.9
Zosterops melanurus,8.6
Zosterops metcalfii,14.0
Zosterops meyeni,10.0
Zosterops minor,11.1
Zosterops minutus,8.3
Zosterops modestus,12.8
Zosterops mouroniensis,9.9
Zosterops murphyi,10.6
Zosterops mysorensis,15.0
Zosterops natalis,10.0
Zosterops nehrkorni,10.0
Zosterops nigrorum,7.3
Zosterops novaeguineae,12.5
Zosterops oleagineus,10.6
Zosterops olivaceus,9.1
Zosterops pallidus,11.1
Zosterops palpebrosus,8.6
Zosterops poliogastrus,11.0
Zosterops ponapensis,11.2
Zosterops rendovae,17.2
Zosterops rennellianus,14.5
Zosterops rotensis,10.0
Zosterops samoensis,10.6
Zosterops sanctaecrucis,14.0
Zosterops semperi,10.6
Zosterops senegalensis,10.9
Zosterops silvanus,11.0
Zosterops simplex,11.3
Zosterops socotranus,9.4
Zosterops somadikartai,10.0
Zosterops splendidus,10.6
Zosterops stalkeri,10.0
Zosterops stenocricotus,10.9
Zosterops stresemanni,22.0
Zosterops stuhlmanni,10.9
Zosterops superciliosus,29.8
Zosterops tenuirostris,17.2
Zosterops tetiparius,10.6
Zosterops uropygialis,14.0
Zosterops vaughani,10.9
Zosterops vellalavella,10.6
Zosterops virens,11.1
Zosterops winifredae,11.0
Zosterops xanthochroa,10.3
Zosterornis hypogrammicus,21.6
Zosterornis latistriatus,29.5
Zosterornis nigrorum,21.6
Zosterornis striatus,13.9
Zosterornis whiteheadi,21.9
